repeat,fold,feature,inner_macro_f1
0,0,anxiety_level,0.8736683265648679
0,0,self_esteem,0.852638474008386
0,0,mental_health_history,0.47805896769493117
0,0,depression,0.8763427932764524
0,0,headache,0.7884129519285351
0,0,blood_pressure,0.8869496247101841
0,0,sleep_quality,0.8777823430224316
0,0,breathing_problem,0.641513661108065
0,0,noise_level,0.6784886970788647
0,0,living_conditions,0.5429226626664578
0,0,safety,0.7158522648373737
0,0,basic_needs,0.7079201175839257
0,0,academic_performance,0.736136486965607
0,0,study_load,0.6672515760100795
0,0,teacher_student_relationship,0.7513068448490441
0,0,future_career_concerns,0.8785729344690574
0,0,social_support,0.7341175532697095
0,0,peer_pressure,0.7022821462084524
0,0,extracurricular_activities,0.7196357749387504
0,0,bullying,0.8670028527387134
0,1,anxiety_level,0.8805759147471175
0,1,self_esteem,0.849032816863918
0,1,mental_health_history,0.48268514627397785
0,1,depression,0.8805064690544017
0,1,headache,0.7883376999357324
0,1,blood_pressure,0.8792881407834887
0,1,sleep_quality,0.8752399304310087
0,1,breathing_problem,0.6567029006442572
0,1,noise_level,0.6828302893676238
0,1,living_conditions,0.5611317991587214
0,1,safety,0.733171376021056
0,1,basic_needs,0.7433135698866916
0,1,academic_performance,0.7214910060380856
0,1,study_load,0.6309763473588212
0,1,teacher_student_relationship,0.7079461310971572
0,1,future_career_concerns,0.8854403283320941
0,1,social_support,0.7262534002582415
0,1,peer_pressure,0.7354306799543341
0,1,extracurricular_activities,0.7237555718141718
0,1,bullying,0.8759109563253324
0,2,anxiety_level,0.8805456813767408
0,2,self_esteem,0.8434077810123127
0,2,mental_health_history,0.4835974709063851
0,2,depression,0.8748344028904951
0,2,headache,0.7755626530045753
0,2,blood_pressure,0.8792030535735659
0,2,sleep_quality,0.8752213695659122
0,2,breathing_problem,0.6339443245275369
0,2,noise_level,0.6656985609570447
0,2,living_conditions,0.5609320617412082
0,2,safety,0.7232457238207859
0,2,basic_needs,0.7384291997180994
0,2,academic_performance,0.714377158320024
0,2,study_load,0.6419397095449759
0,2,teacher_student_relationship,0.7109890046898252
0,2,future_career_concerns,0.8796002018345707
0,2,social_support,0.7445188643436985
0,2,peer_pressure,0.7175301160891606
0,2,extracurricular_activities,0.7276211644089906
0,2,bullying,0.8747404022519053
0,3,anxiety_level,0.874013049508893
0,3,self_esteem,0.8373608583964242
0,3,mental_health_history,0.47953843302519666
0,3,depression,0.8750604330280778
0,3,headache,0.7983692421839077
0,3,blood_pressure,0.876096108581503
0,3,sleep_quality,0.8714326187317857
0,3,breathing_problem,0.6395861272101393
0,3,noise_level,0.6591144028645414
0,3,living_conditions,0.5955480798582452
0,3,safety,0.7097836787867972
0,3,basic_needs,0.7208897808588897
0,3,academic_performance,0.7230421946518177
0,3,study_load,0.6547465677997951
0,3,teacher_student_relationship,0.7323889265677782
0,3,future_career_concerns,0.8808797547835053
0,3,social_support,0.7243789196666238
0,3,peer_pressure,0.7076920725548449
0,3,extracurricular_activities,0.7179955240133439
0,3,bullying,0.8680157636707336
0,4,anxiety_level,0.871530335163521
0,4,self_esteem,0.8520371182541456
0,4,mental_health_history,0.4759093389722086
0,4,depression,0.8753322433219326
0,4,headache,0.7813707797570935
0,4,blood_pressure,0.884821295815926
0,4,sleep_quality,0.8753864619720212
0,4,breathing_problem,0.6459931407693619
0,4,noise_level,0.6578929123393001
0,4,living_conditions,0.5507779152412379
0,4,safety,0.7092654236581756
0,4,basic_needs,0.7227224412345682
0,4,academic_performance,0.7353212589148447
0,4,study_load,0.6567761434652507
0,4,teacher_student_relationship,0.7204742587484866
0,4,future_career_concerns,0.8731390658019139
0,4,social_support,0.7172033630435957
0,4,peer_pressure,0.7228429537384878
0,4,extracurricular_activities,0.7319017227090384
0,4,bullying,0.8692770083453162
1,0,anxiety_level,0.8782351772540326
1,0,self_esteem,0.8383811406915852
1,0,mental_health_history,0.482591256422618
1,0,depression,0.8738248565069061
1,0,headache,0.7760639422330473
1,0,blood_pressure,0.877119406453874
1,0,sleep_quality,0.8823558432720319
1,0,breathing_problem,0.6429189845260889
1,0,noise_level,0.6705198759839801
1,0,living_conditions,0.519794459833819
1,0,safety,0.7209353797145157
1,0,basic_needs,0.7376170160658942
1,0,academic_performance,0.7375354258550617
1,0,study_load,0.6563123671852362
1,0,teacher_student_relationship,0.7128124038331626
1,0,future_career_concerns,0.8779944100203744
1,0,social_support,0.7366310512175879
1,0,peer_pressure,0.7192130299089231
1,0,extracurricular_activities,0.728973222325514
1,0,bullying,0.8784827088615881
1,1,anxiety_level,0.8759952652321439
1,1,self_esteem,0.8479965344618131
1,1,mental_health_history,0.48156221541850575
1,1,depression,0.8748838221778459
1,1,headache,0.7838105553807836
1,1,blood_pressure,0.880177997670132
1,1,sleep_quality,0.8756916440426266
1,1,breathing_problem,0.6505119754622721
1,1,noise_level,0.6602053969563227
1,1,living_conditions,0.519256424797725
1,1,safety,0.7147628457836076
1,1,basic_needs,0.7405944968017323
1,1,academic_performance,0.725643988601896
1,1,study_load,0.6272460775645962
1,1,teacher_student_relationship,0.7247131845951783
1,1,future_career_concerns,0.8703664651987943
1,1,social_support,0.7273758496396311
1,1,peer_pressure,0.7268693149637836
1,1,extracurricular_activities,0.7208718567908764
1,1,bullying,0.8688629569082522
1,2,anxiety_level,0.8824976829546108
1,2,self_esteem,0.8504490425776531
1,2,mental_health_history,0.477156240368213
1,2,depression,0.879658980954285
1,2,headache,0.7938532343004931
1,2,blood_pressure,0.8891860119477629
1,2,sleep_quality,0.8796086817637477
1,2,breathing_problem,0.6410055754990728
1,2,noise_level,0.6698026887718894
1,2,living_conditions,0.5445064400805895
1,2,safety,0.735274649072072
1,2,basic_needs,0.7228174957836057
1,2,academic_performance,0.7270837769737071
1,2,study_load,0.6633845373984792
1,2,teacher_student_relationship,0.7367094524792668
1,2,future_career_concerns,0.8806886488748139
1,2,social_support,0.7167244941764878
1,2,peer_pressure,0.7025839877428918
1,2,extracurricular_activities,0.7254813492688853
1,2,bullying,0.8678941398170292
1,3,anxiety_level,0.8772280956914492
1,3,self_esteem,0.8448698530205142
1,3,mental_health_history,0.4843208821729205
1,3,depression,0.8773180786789768
1,3,headache,0.7903430230347553
1,3,blood_pressure,0.8804732874647735
1,3,sleep_quality,0.8708965879570215
1,3,breathing_problem,0.6292197084743083
1,3,noise_level,0.6589727435968263
1,3,living_conditions,0.4912607185953985
1,3,safety,0.7130136683621578
1,3,basic_needs,0.712226075091022
1,3,academic_performance,0.7155469210666476
1,3,study_load,0.6571197867275718
1,3,teacher_student_relationship,0.7105442767317179
1,3,future_career_concerns,0.8763775823493503
1,3,social_support,0.7406398720408731
1,3,peer_pressure,0.7164508152188428
1,3,extracurricular_activities,0.7233773980696805
1,3,bullying,0.8681568103363038
1,4,anxiety_level,0.863555501927475
1,4,self_esteem,0.8460360375913859
1,4,mental_health_history,0.4734982147389735
1,4,depression,0.8763146691968501
1,4,headache,0.7881861908000682
1,4,blood_pressure,0.8794207381253604
1,4,sleep_quality,0.8803156802023898
1,4,breathing_problem,0.6285341704470654
1,4,noise_level,0.6601047503035944
1,4,living_conditions,0.6164846669123598
1,4,safety,0.7066630994416662
1,4,basic_needs,0.7346005559758081
1,4,academic_performance,0.7369230810744738
1,4,study_load,0.6464291140143831
1,4,teacher_student_relationship,0.7122439933979855
1,4,future_career_concerns,0.8809826554047921
1,4,social_support,0.7130256424112987
1,4,peer_pressure,0.7136252536745822
1,4,extracurricular_activities,0.7106645124387221
1,4,bullying,0.8750124337796884
2,0,anxiety_level,0.8769178624550968
2,0,self_esteem,0.8455109764543867
2,0,mental_health_history,0.4816393165133566
2,0,depression,0.8817514341423568
2,0,headache,0.7900450340811895
2,0,blood_pressure,0.8823154814132503
2,0,sleep_quality,0.8739365254804837
2,0,breathing_problem,0.6314574729070528
2,0,noise_level,0.6679913428194606
2,0,living_conditions,0.5534104864305908
2,0,safety,0.7166566556979066
2,0,basic_needs,0.7338861521747392
2,0,academic_performance,0.7304357436448988
2,0,study_load,0.6524838283932236
2,0,teacher_student_relationship,0.7440774456902481
2,0,future_career_concerns,0.8850550534338032
2,0,social_support,0.7413746024429043
2,0,peer_pressure,0.7105122088904173
2,0,extracurricular_activities,0.7257146702305252
2,0,bullying,0.8803008646265075
2,1,anxiety_level,0.8825388235950834
2,1,self_esteem,0.8516892641522951
2,1,mental_health_history,0.48252459264995445
2,1,depression,0.879433882178774
2,1,headache,0.7931462760095398
2,1,blood_pressure,0.8891401179404906
2,1,sleep_quality,0.8796968926511822
2,1,breathing_problem,0.6226645235016194
2,1,noise_level,0.6654032727514471
2,1,living_conditions,0.5776810779206576
2,1,safety,0.7372071479271995
2,1,basic_needs,0.7480824136138949
2,1,academic_performance,0.743247487101122
2,1,study_load,0.6286837946979875
2,1,teacher_student_relationship,0.7137752965715247
2,1,future_career_concerns,0.8808109642689596
2,1,social_support,0.7323900171313098
2,1,peer_pressure,0.7210951697158619
2,1,extracurricular_activities,0.7291302953344195
2,1,bullying,0.8713919284182389
2,2,anxiety_level,0.8655532449361387
2,2,self_esteem,0.8306574937081751
2,2,mental_health_history,0.47435735886643693
2,2,depression,0.8735031610578506
2,2,headache,0.7814549579837419
2,2,blood_pressure,0.875604321202179
2,2,sleep_quality,0.8620526020509779
2,2,breathing_problem,0.6388925716099414
2,2,noise_level,0.6631730852697411
2,2,living_conditions,0.5281758330303522
2,2,safety,0.6975944952052063
2,2,basic_needs,0.7173707604706973
2,2,academic_performance,0.7233485795075639
2,2,study_load,0.6582628584154241
2,2,teacher_student_relationship,0.7050125154795621
2,2,future_career_concerns,0.8715144213076687
2,2,social_support,0.7145129583618061
2,2,peer_pressure,0.7154210690830745
2,2,extracurricular_activities,0.7235728828668321
2,2,bullying,0.8575484348342854
2,3,anxiety_level,0.8792405311251613
2,3,self_esteem,0.8473171650804948
2,3,mental_health_history,0.47683519397561924
2,3,depression,0.8661022805430415
2,3,headache,0.7735262485844573
2,3,blood_pressure,0.8694537006189935
2,3,sleep_quality,0.8766052166494468
2,3,breathing_problem,0.6536511787665672
2,3,noise_level,0.6739320106600893
2,3,living_conditions,0.604300233700433
2,3,safety,0.7053458035479351
2,3,basic_needs,0.7368149453635282
2,3,academic_performance,0.7269721289719085
2,3,study_load,0.6592269330946077
2,3,teacher_student_relationship,0.7089834364945963
2,3,future_career_concerns,0.8626327514768569
2,3,social_support,0.7087609381855325
2,3,peer_pressure,0.715118610741889
2,3,extracurricular_activities,0.7161166478566351
2,3,bullying,0.8737486267826441
2,4,anxiety_level,0.8725555990439577
2,4,self_esteem,0.848539636184595
2,4,mental_health_history,0.48301183024430744
2,4,depression,0.8809351843901371
2,4,headache,0.7978956168704902
2,4,blood_pressure,0.8890251219447872
2,4,sleep_quality,0.87907571340069
2,4,breathing_problem,0.6522112321532728
2,4,noise_level,0.6518156079445174
2,4,living_conditions,0.545848080919269
2,4,safety,0.7414557456221612
2,4,basic_needs,0.7115169919243973
2,4,academic_performance,0.7268923234076113
2,4,study_load,0.646011611992039
2,4,teacher_student_relationship,0.7276833019032724
2,4,future_career_concerns,0.883067980023839
2,4,social_support,0.7347505648737038
2,4,peer_pressure,0.73333914775792
2,4,extracurricular_activities,0.7355031246079502
2,4,bullying,0.8747934896250934
3,0,anxiety_level,0.8680885458636899
3,0,self_esteem,0.8384199470462054
3,0,mental_health_history,0.47521638680888945
3,0,depression,0.8657933695561812
3,0,headache,0.7786532091579365
3,0,blood_pressure,0.8782227198719306
3,0,sleep_quality,0.8650123185690811
3,0,breathing_problem,0.6344783513848782
3,0,noise_level,0.6634665539147404
3,0,living_conditions,0.617231051166728
3,0,safety,0.7200257083927388
3,0,basic_needs,0.7168956495134183
3,0,academic_performance,0.7144189492795467
3,0,study_load,0.6176385763302173
3,0,teacher_student_relationship,0.7157705210544024
3,0,future_career_concerns,0.8694516378546765
3,0,social_support,0.727560898781148
3,0,peer_pressure,0.6998432257502573
3,0,extracurricular_activities,0.7158097400385498
3,0,bullying,0.8645838132427177
3,1,anxiety_level,0.8817339098807487
3,1,self_esteem,0.8503289449147192
3,1,mental_health_history,0.48360213299345856
3,1,depression,0.8797480854803036
3,1,headache,0.7983234769440452
3,1,blood_pressure,0.8847493798867788
3,1,sleep_quality,0.8730880243791423
3,1,breathing_problem,0.6404662086702081
3,1,noise_level,0.6703078560018593
3,1,living_conditions,0.5644953958651645
3,1,safety,0.7205485004507838
3,1,basic_needs,0.7256146809217016
3,1,academic_performance,0.7372348292303438
3,1,study_load,0.6556936246314694
3,1,teacher_student_relationship,0.7411194559136965
3,1,future_career_concerns,0.8852116278054752
3,1,social_support,0.7270984450427719
3,1,peer_pressure,0.7314839833443498
3,1,extracurricular_activities,0.7091046035084371
3,1,bullying,0.8726051438867523
3,2,anxiety_level,0.8679478711018946
3,2,self_esteem,0.8300339233144403
3,2,mental_health_history,0.47806906571624436
3,2,depression,0.8716324940028496
3,2,headache,0.7876953934363496
3,2,blood_pressure,0.8769850365435209
3,2,sleep_quality,0.8718789491489893
3,2,breathing_problem,0.6478213310383497
3,2,noise_level,0.6614983337822968
3,2,living_conditions,0.590616279379996
3,2,safety,0.7176120943925847
3,2,basic_needs,0.7339318245140466
3,2,academic_performance,0.7288302353210708
3,2,study_load,0.6343589200354601
3,2,teacher_student_relationship,0.7138394898261299
3,2,future_career_concerns,0.8772988339240149
3,2,social_support,0.719660750006552
3,2,peer_pressure,0.7040115264650502
3,2,extracurricular_activities,0.7095435934271864
3,2,bullying,0.8634631198303736
3,3,anxiety_level,0.8761601147121248
3,3,self_esteem,0.8471973498819049
3,3,mental_health_history,0.4795039925073054
3,3,depression,0.8750141740739962
3,3,headache,0.7763759179709044
3,3,blood_pressure,0.8770955502647212
3,3,sleep_quality,0.8744451413850974
3,3,breathing_problem,0.6290392429698222
3,3,noise_level,0.654967746848174
3,3,living_conditions,0.5237334949193622
3,3,safety,0.7036999978722066
3,3,basic_needs,0.7170192871277399
3,3,academic_performance,0.7251338494962344
3,3,study_load,0.6446419410149179
3,3,teacher_student_relationship,0.7113978234888895
3,3,future_career_concerns,0.8740053286142753
3,3,social_support,0.7128247515698174
3,3,peer_pressure,0.7099762839831403
3,3,extracurricular_activities,0.749480298366827
3,3,bullying,0.8725498234653409
3,4,anxiety_level,0.8840904056087733
3,4,self_esteem,0.8562804478037943
3,4,mental_health_history,0.4825534935055706
3,4,depression,0.8897604180301264
3,4,headache,0.7856472464413714
3,4,blood_pressure,0.8891375050311824
3,4,sleep_quality,0.8903420990838997
3,4,breathing_problem,0.6356486575818526
3,4,noise_level,0.6807403493748194
3,4,living_conditions,0.5022609955722587
3,4,safety,0.7313964080031683
3,4,basic_needs,0.7257006214668755
3,4,academic_performance,0.7328642048160218
3,4,study_load,0.62967959939151
3,4,teacher_student_relationship,0.7372590403161206
3,4,future_career_concerns,0.8856076159730807
3,4,social_support,0.7398701373031087
3,4,peer_pressure,0.6937213066190012
3,4,extracurricular_activities,0.7292708189826738
3,4,bullying,0.8828402672150953
4,0,anxiety_level,0.8759048229556795
4,0,self_esteem,0.8437574296506699
4,0,mental_health_history,0.4762614691568707
4,0,depression,0.8783906201111983
4,0,headache,0.7817289592530022
4,0,blood_pressure,0.8792625773015921
4,0,sleep_quality,0.8733543260334913
4,0,breathing_problem,0.6387356385348434
4,0,noise_level,0.6704137140577217
4,0,living_conditions,0.6070295870027427
4,0,safety,0.7304037831122326
4,0,basic_needs,0.7219770266769078
4,0,academic_performance,0.7113576370177349
4,0,study_load,0.6545496447680473
4,0,teacher_student_relationship,0.7326031929153299
4,0,future_career_concerns,0.8770914370451499
4,0,social_support,0.7297920889238937
4,0,peer_pressure,0.7289882275625706
4,0,extracurricular_activities,0.7324327347466258
4,0,bullying,0.8678703517231213
4,1,anxiety_level,0.8737269540806567
4,1,self_esteem,0.8481481558412464
4,1,mental_health_history,0.4743774904144456
4,1,depression,0.8797150454686555
4,1,headache,0.7933234329371485
4,1,blood_pressure,0.8891476312259066
4,1,sleep_quality,0.8823051790121194
4,1,breathing_problem,0.6558342763189485
4,1,noise_level,0.6724998921272203
4,1,living_conditions,0.5565032219743836
4,1,safety,0.7291952612175204
4,1,basic_needs,0.7163085978157459
4,1,academic_performance,0.7386455222084626
4,1,study_load,0.6486276383896868
4,1,teacher_student_relationship,0.7264390452923971
4,1,future_career_concerns,0.8829137197420681
4,1,social_support,0.7179187700737274
4,1,peer_pressure,0.7058147095857771
4,1,extracurricular_activities,0.7225750676014688
4,1,bullying,0.8758455764331975
4,2,anxiety_level,0.8712775401511212
4,2,self_esteem,0.8504371452786206
4,2,mental_health_history,0.48115788031620393
4,2,depression,0.8713803557850963
4,2,headache,0.7859604600612475
4,2,blood_pressure,0.8769000569367962
4,2,sleep_quality,0.8740493619171149
4,2,breathing_problem,0.6498334057381364
4,2,noise_level,0.668745904791741
4,2,living_conditions,0.5194837942784856
4,2,safety,0.7165811914533872
4,2,basic_needs,0.7338178415283032
4,2,academic_performance,0.731508970783752
4,2,study_load,0.6250267662913629
4,2,teacher_student_relationship,0.7208196352778288
4,2,future_career_concerns,0.8787715894526769
4,2,social_support,0.7292459522477297
4,2,peer_pressure,0.7177698386968068
4,2,extracurricular_activities,0.7278727490051926
4,2,bullying,0.8693013561625342
4,3,anxiety_level,0.8784891454894465
4,3,self_esteem,0.8484205415596954
4,3,mental_health_history,0.48219059412666215
4,3,depression,0.8760675919449535
4,3,headache,0.7825394114551942
4,3,blood_pressure,0.8783000168578635
4,3,sleep_quality,0.8777008008701545
4,3,breathing_problem,0.6299504241320647
4,3,noise_level,0.6812474329844606
4,3,living_conditions,0.6120214487818502
4,3,safety,0.7128284001063295
4,3,basic_needs,0.7174171812330471
4,3,academic_performance,0.733518218199197
4,3,study_load,0.6511988622512875
4,3,teacher_student_relationship,0.7271603538821663
4,3,future_career_concerns,0.8739649038208327
4,3,social_support,0.739077428754277
4,3,peer_pressure,0.7107445057254518
4,3,extracurricular_activities,0.7084028710357999
4,3,bullying,0.875066444359875
4,4,anxiety_level,0.8772297600859887
4,4,self_esteem,0.836948854203711
4,4,mental_health_history,0.4850378592249814
4,4,depression,0.8762988438731258
4,4,headache,0.7868837712725635
4,4,blood_pressure,0.8824034964415767
4,4,sleep_quality,0.8762647611941144
4,4,breathing_problem,0.6400813288578139
4,4,noise_level,0.6576187146743295
4,4,living_conditions,0.5408934546043026
4,4,safety,0.714382029199146
4,4,basic_needs,0.720991757685607
4,4,academic_performance,0.7227983522816576
4,4,study_load,0.6491426747435157
4,4,teacher_student_relationship,0.7227106227294318
4,4,future_career_concerns,0.8764437781072204
4,4,social_support,0.7410652886618104
4,4,peer_pressure,0.7181450166573455
4,4,extracurricular_activities,0.7291416332532705
4,4,bullying,0.8706040143444759
5,0,anxiety_level,0.8782655020762369
5,0,self_esteem,0.8481524038138502
5,0,mental_health_history,0.47726093191181446
5,0,depression,0.8784136107073284
5,0,headache,0.7921795455198141
5,0,blood_pressure,0.8858915134359694
5,0,sleep_quality,0.8731190205740206
5,0,breathing_problem,0.6443829960022489
5,0,noise_level,0.6856589757567443
5,0,living_conditions,0.5521351969242486
5,0,safety,0.7151678147321187
5,0,basic_needs,0.7439674041177584
5,0,academic_performance,0.7158883216538388
5,0,study_load,0.6164454965714811
5,0,teacher_student_relationship,0.7226702756188725
5,0,future_career_concerns,0.8853586627963729
5,0,social_support,0.7369479555257666
5,0,peer_pressure,0.7281121878663455
5,0,extracurricular_activities,0.7224399512464351
5,0,bullying,0.8816047719955465
5,1,anxiety_level,0.8713915536838434
5,1,self_esteem,0.8395160354174626
5,1,mental_health_history,0.482572156218058
5,1,depression,0.877274969318483
5,1,headache,0.7906361721669408
5,1,blood_pressure,0.8791948753882134
5,1,sleep_quality,0.8682981671788893
5,1,breathing_problem,0.6379022440376798
5,1,noise_level,0.6684979298720859
5,1,living_conditions,0.6003081365170918
5,1,safety,0.7332317582839883
5,1,basic_needs,0.7286987539369959
5,1,academic_performance,0.7288718594608521
5,1,study_load,0.6678033988999524
5,1,teacher_student_relationship,0.7174579012825127
5,1,future_career_concerns,0.8739052259848566
5,1,social_support,0.7136088676511548
5,1,peer_pressure,0.7252332261614557
5,1,extracurricular_activities,0.7387391520166479
5,1,bullying,0.8689756957762781
5,2,anxiety_level,0.8770179958850076
5,2,self_esteem,0.8573561834395446
5,2,mental_health_history,0.4799138078428367
5,2,depression,0.8809811797184696
5,2,headache,0.7832392292940581
5,2,blood_pressure,0.8858537865655168
5,2,sleep_quality,0.8762679034540319
5,2,breathing_problem,0.6499611554121113
5,2,noise_level,0.6802979989340687
5,2,living_conditions,0.5772349685072969
5,2,safety,0.7105153733080107
5,2,basic_needs,0.7483229569148886
5,2,academic_performance,0.7335513054184531
5,2,study_load,0.6206560626396896
5,2,teacher_student_relationship,0.7555626793422849
5,2,future_career_concerns,0.8792476634176496
5,2,social_support,0.7209046676425781
5,2,peer_pressure,0.7176959671519176
5,2,extracurricular_activities,0.7193931575581511
5,2,bullying,0.8794461409126361
5,3,anxiety_level,0.8684014547676218
5,3,self_esteem,0.8376864405406748
5,3,mental_health_history,0.476944312705383
5,3,depression,0.8704821551290579
5,3,headache,0.7778909345429744
5,3,blood_pressure,0.8715316638093467
5,3,sleep_quality,0.8732782845443604
5,3,breathing_problem,0.6371870001512234
5,3,noise_level,0.6713455524621236
5,3,living_conditions,0.5517951376402169
5,3,safety,0.7145436544958886
5,3,basic_needs,0.7208548863830272
5,3,academic_performance,0.7082120428749552
5,3,study_load,0.6363349813894924
5,3,teacher_student_relationship,0.7034743253007961
5,3,future_career_concerns,0.8706847271276316
5,3,social_support,0.7169172501887999
5,3,peer_pressure,0.701247861856689
5,3,extracurricular_activities,0.7180289244315184
5,3,bullying,0.856019503139771
5,4,anxiety_level,0.8828916578313121
5,4,self_esteem,0.8460802116141853
5,4,mental_health_history,0.4813235175121657
5,4,depression,0.875076701899109
5,4,headache,0.7877205757435286
5,4,blood_pressure,0.8836748083386993
5,4,sleep_quality,0.8761648377871761
5,4,breathing_problem,0.644345394310102
5,4,noise_level,0.662195065275457
5,4,living_conditions,0.5816041194693488
5,4,safety,0.7048180632509204
5,4,basic_needs,0.7324291011121277
5,4,academic_performance,0.721554422657273
5,4,study_load,0.6624563726694795
5,4,teacher_student_relationship,0.7179767457383447
5,4,future_career_concerns,0.8831984823664049
5,4,social_support,0.7348215005080997
5,4,peer_pressure,0.7052023037153646
5,4,extracurricular_activities,0.7235028146710062
5,4,bullying,0.8692028402196356
6,0,anxiety_level,0.8794822537020139
6,0,self_esteem,0.8491682658589563
6,0,mental_health_history,0.48186356189560414
6,0,depression,0.8761546940254322
6,0,headache,0.7928945428273769
6,0,blood_pressure,0.8845201853787724
6,0,sleep_quality,0.8776213066454926
6,0,breathing_problem,0.647872332700942
6,0,noise_level,0.654444156227333
6,0,living_conditions,0.615430249030081
6,0,safety,0.7125774252367298
6,0,basic_needs,0.7260348181172714
6,0,academic_performance,0.724756505731404
6,0,study_load,0.6380985551497589
6,0,teacher_student_relationship,0.7271747111544999
6,0,future_career_concerns,0.8864773603853853
6,0,social_support,0.7418514924218881
6,0,peer_pressure,0.7143678016884273
6,0,extracurricular_activities,0.7187409280879161
6,0,bullying,0.8769623290490368
6,1,anxiety_level,0.8781806979280343
6,1,self_esteem,0.8473172679292963
6,1,mental_health_history,0.4816966764252359
6,1,depression,0.8807988927011787
6,1,headache,0.796923848005718
6,1,blood_pressure,0.8814412633775794
6,1,sleep_quality,0.8745395655887841
6,1,breathing_problem,0.6331909490959414
6,1,noise_level,0.6624912676268306
6,1,living_conditions,0.5804835331565276
6,1,safety,0.7256683377749483
6,1,basic_needs,0.716797285092229
6,1,academic_performance,0.7177313391875865
6,1,study_load,0.631364439901422
6,1,teacher_student_relationship,0.7048831452666597
6,1,future_career_concerns,0.8714334978461525
6,1,social_support,0.7298630125682343
6,1,peer_pressure,0.7149784820571387
6,1,extracurricular_activities,0.7232253228106353
6,1,bullying,0.8757050994286515
6,2,anxiety_level,0.8713472221286795
6,2,self_esteem,0.8498171008948753
6,2,mental_health_history,0.47982187510046764
6,2,depression,0.8728728437114398
6,2,headache,0.7829190963284688
6,2,blood_pressure,0.8815080426531666
6,2,sleep_quality,0.8656951114246922
6,2,breathing_problem,0.6422275809434584
6,2,noise_level,0.6748314656383719
6,2,living_conditions,0.5622339635013552
6,2,safety,0.7339489663722031
6,2,basic_needs,0.7277072962563486
6,2,academic_performance,0.7294695813573026
6,2,study_load,0.6485634765236771
6,2,teacher_student_relationship,0.7249738957008393
6,2,future_career_concerns,0.8749447573733056
6,2,social_support,0.7330394341689787
6,2,peer_pressure,0.7278107213190123
6,2,extracurricular_activities,0.710761663738829
6,2,bullying,0.876962703293496
6,3,anxiety_level,0.8738268442470317
6,3,self_esteem,0.8336038492398493
6,3,mental_health_history,0.47959370656401723
6,3,depression,0.8726627939654469
6,3,headache,0.7842069044537866
6,3,blood_pressure,0.876096357622434
6,3,sleep_quality,0.8708880886000676
6,3,breathing_problem,0.6491395302940925
6,3,noise_level,0.6823107519504151
6,3,living_conditions,0.5939585651299791
6,3,safety,0.6846305832732446
6,3,basic_needs,0.7376161565872877
6,3,academic_performance,0.7145025439162137
6,3,study_load,0.6737768586535674
6,3,teacher_student_relationship,0.7379580349026762
6,3,future_career_concerns,0.868412236600005
6,3,social_support,0.7193805465164756
6,3,peer_pressure,0.6964452139903163
6,3,extracurricular_activities,0.722114198202983
6,3,bullying,0.8646192322497067
6,4,anxiety_level,0.8748232404367138
6,4,self_esteem,0.8387221082467669
6,4,mental_health_history,0.47500760469921927
6,4,depression,0.8796997869059857
6,4,headache,0.7795921441096669
6,4,blood_pressure,0.8826220673577266
6,4,sleep_quality,0.873228697615957
6,4,breathing_problem,0.630334169611595
6,4,noise_level,0.6724099016842003
6,4,living_conditions,0.540220904039635
6,4,safety,0.7173692301906769
6,4,basic_needs,0.7099699766357429
6,4,academic_performance,0.7433414374256743
6,4,study_load,0.6544137622958901
6,4,teacher_student_relationship,0.7292163526770116
6,4,future_career_concerns,0.8762707289489935
6,4,social_support,0.7375828285927056
6,4,peer_pressure,0.7224591876085755
6,4,extracurricular_activities,0.718589749827305
6,4,bullying,0.8691916208729698
7,0,anxiety_level,0.8816041335227277
7,0,self_esteem,0.8480214597256636
7,0,mental_health_history,0.48341126232185455
7,0,depression,0.8862441391393151
7,0,headache,0.7825245934703021
7,0,blood_pressure,0.8924388891874567
7,0,sleep_quality,0.8869306778674445
7,0,breathing_problem,0.6477604989611015
7,0,noise_level,0.6762018166677005
7,0,living_conditions,0.5709109934099814
7,0,safety,0.7425857485393726
7,0,basic_needs,0.727651316022107
7,0,academic_performance,0.7446894074123368
7,0,study_load,0.6568490630571935
7,0,teacher_student_relationship,0.7226984823535146
7,0,future_career_concerns,0.8819141232066795
7,0,social_support,0.7373570207706415
7,0,peer_pressure,0.7252319773025372
7,0,extracurricular_activities,0.7221736220331868
7,0,bullying,0.8781498324503029
7,1,anxiety_level,0.8702540554804369
7,1,self_esteem,0.8424229884415757
7,1,mental_health_history,0.4797814564272553
7,1,depression,0.87145842147922
7,1,headache,0.7829527426835609
7,1,blood_pressure,0.8758850241611748
7,1,sleep_quality,0.871794561767023
7,1,breathing_problem,0.6282085189043659
7,1,noise_level,0.6456456909095121
7,1,living_conditions,0.5542872243343184
7,1,safety,0.71356211067576
7,1,basic_needs,0.7069358931186344
7,1,academic_performance,0.7118284228588481
7,1,study_load,0.6630950857739369
7,1,teacher_student_relationship,0.7002303140633318
7,1,future_career_concerns,0.8805971858106365
7,1,social_support,0.7382927633127946
7,1,peer_pressure,0.6997285015012289
7,1,extracurricular_activities,0.7145897176448996
7,1,bullying,0.8677560036391784
7,2,anxiety_level,0.8749312275959404
7,2,self_esteem,0.8469522394507201
7,2,mental_health_history,0.47803613145481566
7,2,depression,0.874986322832013
7,2,headache,0.7907180141975325
7,2,blood_pressure,0.8780835700147666
7,2,sleep_quality,0.8765886370896482
7,2,breathing_problem,0.6455553333850953
7,2,noise_level,0.6593441354160591
7,2,living_conditions,0.55775389669711
7,2,safety,0.7129819605212937
7,2,basic_needs,0.7500071247987162
7,2,academic_performance,0.71400418561811
7,2,study_load,0.639638400482458
7,2,teacher_student_relationship,0.7144223896415459
7,2,future_career_concerns,0.8747344380252579
7,2,social_support,0.712968910179194
7,2,peer_pressure,0.7179544672325942
7,2,extracurricular_activities,0.7162116716196448
7,2,bullying,0.8668850730944387
7,3,anxiety_level,0.8715585443902949
7,3,self_esteem,0.8403236427237012
7,3,mental_health_history,0.4742748706548152
7,3,depression,0.8694329753552004
7,3,headache,0.7769728384185196
7,3,blood_pressure,0.8727568808207149
7,3,sleep_quality,0.8678258568243429
7,3,breathing_problem,0.6346994111843691
7,3,noise_level,0.6856832102846444
7,3,living_conditions,0.5560236105338237
7,3,safety,0.7261888372832083
7,3,basic_needs,0.7198557315316064
7,3,academic_performance,0.7233342790947317
7,3,study_load,0.6431839856585515
7,3,teacher_student_relationship,0.7293322924107223
7,3,future_career_concerns,0.8637992788291586
7,3,social_support,0.7235080432959768
7,3,peer_pressure,0.7250377099440732
7,3,extracurricular_activities,0.7149864607767134
7,3,bullying,0.8682362287875693
7,4,anxiety_level,0.8780068756870786
7,4,self_esteem,0.8515515841780615
7,4,mental_health_history,0.48406665572764945
7,4,depression,0.8797841043241611
7,4,headache,0.798821987462209
7,4,blood_pressure,0.8869558234523178
7,4,sleep_quality,0.8760962856127453
7,4,breathing_problem,0.6307893258415742
7,4,noise_level,0.6787460486070377
7,4,living_conditions,0.5524020240319992
7,4,safety,0.720470376673969
7,4,basic_needs,0.7280525355971919
7,4,academic_performance,0.7454428344176267
7,4,study_load,0.6586447978863977
7,4,teacher_student_relationship,0.7340421710481092
7,4,future_career_concerns,0.8734600624128467
7,4,social_support,0.7387498546391984
7,4,peer_pressure,0.7135951756873974
7,4,extracurricular_activities,0.725633595547409
7,4,bullying,0.8726919176674043
8,0,anxiety_level,0.8849209157558175
8,0,self_esteem,0.8501902980093639
8,0,mental_health_history,0.4839744982353522
8,0,depression,0.8853976662301112
8,0,headache,0.7933090788883398
8,0,blood_pressure,0.8858488464803275
8,0,sleep_quality,0.8805287267686605
8,0,breathing_problem,0.6514795338060967
8,0,noise_level,0.6527610809107545
8,0,living_conditions,0.6091823499954412
8,0,safety,0.720869144900075
8,0,basic_needs,0.7356985082241404
8,0,academic_performance,0.7313570926595294
8,0,study_load,0.6349013864613958
8,0,teacher_student_relationship,0.7244849217063631
8,0,future_career_concerns,0.8782827010475568
8,0,social_support,0.7451664448169414
8,0,peer_pressure,0.7361695515921652
8,0,extracurricular_activities,0.7235928085871367
8,0,bullying,0.8803535910254361
8,1,anxiety_level,0.86347914947664
8,1,self_esteem,0.8436329629540236
8,1,mental_health_history,0.4761724592872294
8,1,depression,0.8670920508627566
8,1,headache,0.7844125101300424
8,1,blood_pressure,0.8767030655547338
8,1,sleep_quality,0.8717913354284185
8,1,breathing_problem,0.6164250986063698
8,1,noise_level,0.658765991167627
8,1,living_conditions,0.5803768161499696
8,1,safety,0.73566824082077
8,1,basic_needs,0.7417787510969327
8,1,academic_performance,0.7045221136664427
8,1,study_load,0.6444822260967237
8,1,teacher_student_relationship,0.7029141745631263
8,1,future_career_concerns,0.8751688600034461
8,1,social_support,0.7285417421948863
8,1,peer_pressure,0.7002725319089077
8,1,extracurricular_activities,0.7178478629705026
8,1,bullying,0.8578521592559504
8,2,anxiety_level,0.8724901926838458
8,2,self_esteem,0.8397145556686859
8,2,mental_health_history,0.4771865540737175
8,2,depression,0.8714442779778916
8,2,headache,0.7872339256103474
8,2,blood_pressure,0.875942315456597
8,2,sleep_quality,0.8652235344217569
8,2,breathing_problem,0.6419473324992886
8,2,noise_level,0.6656049799949693
8,2,living_conditions,0.5514688874595276
8,2,safety,0.7191969666241756
8,2,basic_needs,0.7291387777418428
8,2,academic_performance,0.7079101858038035
8,2,study_load,0.6426885052249625
8,2,teacher_student_relationship,0.7181683138232069
8,2,future_career_concerns,0.8741189105252066
8,2,social_support,0.7222869906113666
8,2,peer_pressure,0.7189603586533981
8,2,extracurricular_activities,0.7147886367929245
8,2,bullying,0.867874604722955
8,3,anxiety_level,0.8796253623078553
8,3,self_esteem,0.8360618341958449
8,3,mental_health_history,0.47871182864303546
8,3,depression,0.8818550379144963
8,3,headache,0.7860857779954623
8,3,blood_pressure,0.8837975593334058
8,3,sleep_quality,0.8791100931150414
8,3,breathing_problem,0.6460744135431139
8,3,noise_level,0.6688617276199924
8,3,living_conditions,0.5653151783877776
8,3,safety,0.6971661211982645
8,3,basic_needs,0.7409656422009191
8,3,academic_performance,0.7288993133781364
8,3,study_load,0.6475893611894916
8,3,teacher_student_relationship,0.7345014312533612
8,3,future_career_concerns,0.8854194608183684
8,3,social_support,0.7248774248823734
8,3,peer_pressure,0.7075711023360096
8,3,extracurricular_activities,0.719277039812494
8,3,bullying,0.8704949142350102
8,4,anxiety_level,0.8771028951948984
8,4,self_esteem,0.8527994654575167
8,4,mental_health_history,0.4841318218039028
8,4,depression,0.8759063135585903
8,4,headache,0.7851835785183151
8,4,blood_pressure,0.8837858897958922
8,4,sleep_quality,0.8776922652672492
8,4,breathing_problem,0.6557654402781025
8,4,noise_level,0.6710251976253319
8,4,living_conditions,0.5657901064185363
8,4,safety,0.7258778432446222
8,4,basic_needs,0.7095421590344145
8,4,academic_performance,0.7211719579167021
8,4,study_load,0.6541949921189114
8,4,teacher_student_relationship,0.696690700128202
8,4,future_career_concerns,0.8782525798359363
8,4,social_support,0.7269940694202236
8,4,peer_pressure,0.7090215429891803
8,4,extracurricular_activities,0.7272489268950936
8,4,bullying,0.8725985880820167
9,0,anxiety_level,0.8803658476285183
9,0,self_esteem,0.8582887127998357
9,0,mental_health_history,0.480873303040294
9,0,depression,0.8853380328844586
9,0,headache,0.7933364868471268
9,0,blood_pressure,0.8859169007542889
9,0,sleep_quality,0.8774465962576113
9,0,breathing_problem,0.6497889710409815
9,0,noise_level,0.6577467172128655
9,0,living_conditions,0.6000874328942299
9,0,safety,0.7470182285484016
9,0,basic_needs,0.7514789129641696
9,0,academic_performance,0.7420602171922023
9,0,study_load,0.6303917074678229
9,0,teacher_student_relationship,0.7126970859310476
9,0,future_career_concerns,0.883106195953968
9,0,social_support,0.7366018335629602
9,0,peer_pressure,0.7048908587035455
9,0,extracurricular_activities,0.7379330326567582
9,0,bullying,0.8737801548142508
9,1,anxiety_level,0.8725720131135639
9,1,self_esteem,0.8421066498966598
9,1,mental_health_history,0.481644429969117
9,1,depression,0.881458630174086
9,1,headache,0.7855986180944554
9,1,blood_pressure,0.8793309358152892
9,1,sleep_quality,0.8761445354708045
9,1,breathing_problem,0.6242791800472517
9,1,noise_level,0.6573398768992108
9,1,living_conditions,0.6168339885798929
9,1,safety,0.725379475455843
9,1,basic_needs,0.723591870038273
9,1,academic_performance,0.7148441501543307
9,1,study_load,0.6448435256217137
9,1,teacher_student_relationship,0.7193124874771541
9,1,future_career_concerns,0.8840796109045274
9,1,social_support,0.721249187460208
9,1,peer_pressure,0.7317473828044233
9,1,extracurricular_activities,0.6940885147892094
9,1,bullying,0.8735208598414475
9,2,anxiety_level,0.8769861655971803
9,2,self_esteem,0.8381851643571546
9,2,mental_health_history,0.4806653972896653
9,2,depression,0.8750149054394245
9,2,headache,0.7925155049745705
9,2,blood_pressure,0.8803040194081194
9,2,sleep_quality,0.871631474560731
9,2,breathing_problem,0.6498954022955569
9,2,noise_level,0.6699618586219293
9,2,living_conditions,0.5546460423045779
9,2,safety,0.7141523474134645
9,2,basic_needs,0.7215387908519136
9,2,academic_performance,0.7189966771501317
9,2,study_load,0.6377128678442952
9,2,teacher_student_relationship,0.7263086470986172
9,2,future_career_concerns,0.8772737769092872
9,2,social_support,0.7395469893255907
9,2,peer_pressure,0.7145402589833041
9,2,extracurricular_activities,0.7307363187993667
9,2,bullying,0.8710423040715697
9,3,anxiety_level,0.8680926042881613
9,3,self_esteem,0.8438463763249374
9,3,mental_health_history,0.475955579274852
9,3,depression,0.8683127483941177
9,3,headache,0.778775578512018
9,3,blood_pressure,0.8749548464327183
9,3,sleep_quality,0.8734098277273179
9,3,breathing_problem,0.6390410894007381
9,3,noise_level,0.6606790803058035
9,3,living_conditions,0.556527393729547
9,3,safety,0.7126571721732708
9,3,basic_needs,0.7028983631388209
9,3,academic_performance,0.7297246373997707
9,3,study_load,0.6239877007607046
9,3,teacher_student_relationship,0.7237340797004737
9,3,future_career_concerns,0.8696811794817094
9,3,social_support,0.7250830075399967
9,3,peer_pressure,0.7096909313675028
9,3,extracurricular_activities,0.7256200569917496
9,3,bullying,0.8628041639450957
9,4,anxiety_level,0.8805068821539485
9,4,self_esteem,0.8456588960360628
9,4,mental_health_history,0.4804575835225288
9,4,depression,0.8718921216804173
9,4,headache,0.7786481610968026
9,4,blood_pressure,0.8857377914657699
9,4,sleep_quality,0.879061810372226
9,4,breathing_problem,0.6301345517653311
9,4,noise_level,0.6823908897621184
9,4,living_conditions,0.5245577898654833
9,4,safety,0.7110794926856087
9,4,basic_needs,0.7410906629749188
9,4,academic_performance,0.7128755853545594
9,4,study_load,0.6633091909869996
9,4,teacher_student_relationship,0.7391658189857888
9,4,future_career_concerns,0.8772440196627164
9,4,social_support,0.7153139678350381
9,4,peer_pressure,0.715954938932461
9,4,extracurricular_activities,0.7292038261448166
9,4,bullying,0.8715928640853717
