model,repeat,n_samples,macro_f1,accuracy,cross_level_0_2_numerator,cross_level_0_2_denominator,cross_level_0_2_rate,confusion_matrix,class_0_precision,class_0_recall,class_0_f1,class_0_support,class_1_precision,class_1_recall,class_1_f1,class_1_support,class_2_precision,class_2_recall,class_2_f1,class_2_support
dummy,0,1098,0.16904600045320642,0.33970856102003644,367,740,0.49594594594594593,"[[373, 0, 0], [358, 0, 0], [367, 0, 0]]",0.33970856102003644,1.0,0.5071380013596193,373,0.0,0.0,0.0,358,0.0,0.0,0.0,367
dummy,1,1098,0.16904600045320642,0.33970856102003644,367,740,0.49594594594594593,"[[373, 0, 0], [358, 0, 0], [367, 0, 0]]",0.33970856102003644,1.0,0.5071380013596193,373,0.0,0.0,0.0,358,0.0,0.0,0.0,367
dummy,2,1098,0.16904600045320642,0.33970856102003644,367,740,0.49594594594594593,"[[373, 0, 0], [358, 0, 0], [367, 0, 0]]",0.33970856102003644,1.0,0.5071380013596193,373,0.0,0.0,0.0,358,0.0,0.0,0.0,367
dummy,3,1098,0.16904600045320642,0.33970856102003644,367,740,0.49594594594594593,"[[373, 0, 0], [358, 0, 0], [367, 0, 0]]",0.33970856102003644,1.0,0.5071380013596193,373,0.0,0.0,0.0,358,0.0,0.0,0.0,367
dummy,4,1098,0.16904600045320642,0.33970856102003644,367,740,0.49594594594594593,"[[373, 0, 0], [358, 0, 0], [367, 0, 0]]",0.33970856102003644,1.0,0.5071380013596193,373,0.0,0.0,0.0,358,0.0,0.0,0.0,367
dummy,5,1098,0.16904600045320642,0.33970856102003644,367,740,0.49594594594594593,"[[373, 0, 0], [358, 0, 0], [367, 0, 0]]",0.33970856102003644,1.0,0.5071380013596193,373,0.0,0.0,0.0,358,0.0,0.0,0.0,367
dummy,6,1098,0.16904600045320642,0.33970856102003644,367,740,0.49594594594594593,"[[373, 0, 0], [358, 0, 0], [367, 0, 0]]",0.33970856102003644,1.0,0.5071380013596193,373,0.0,0.0,0.0,358,0.0,0.0,0.0,367
dummy,7,1098,0.16904600045320642,0.33970856102003644,367,740,0.49594594594594593,"[[373, 0, 0], [358, 0, 0], [367, 0, 0]]",0.33970856102003644,1.0,0.5071380013596193,373,0.0,0.0,0.0,358,0.0,0.0,0.0,367
dummy,8,1098,0.16904600045320642,0.33970856102003644,367,740,0.49594594594594593,"[[373, 0, 0], [358, 0, 0], [367, 0, 0]]",0.33970856102003644,1.0,0.5071380013596193,373,0.0,0.0,0.0,358,0.0,0.0,0.0,367
dummy,9,1098,0.16904600045320642,0.33970856102003644,367,740,0.49594594594594593,"[[373, 0, 0], [358, 0, 0], [367, 0, 0]]",0.33970856102003644,1.0,0.5071380013596193,373,0.0,0.0,0.0,358,0.0,0.0,0.0,367
lr_all,0,1098,0.8891094790662507,0.8888888888888888,51,740,0.06891891891891892,"[[330, 14, 29], [21, 312, 25], [22, 11, 334]]",0.8847184986595175,0.8847184986595175,0.8847184986595175,373,0.9258160237388724,0.8715083798882681,0.897841726618705,358,0.8608247422680413,0.9100817438692098,0.8847682119205298,367
lr_all,1,1098,0.8837785823382314,0.8834244080145719,57,740,0.07702702702702703,"[[328, 14, 31], [22, 312, 24], [26, 11, 330]]",0.8723404255319149,0.8793565683646113,0.8758344459279038,373,0.9258160237388724,0.8715083798882681,0.897841726618705,358,0.8571428571428571,0.8991825613079019,0.8776595744680851,367
lr_all,2,1098,0.8828133045000515,0.8825136612021858,57,740,0.07702702702702703,"[[329, 13, 31], [19, 315, 24], [26, 16, 325]]",0.8796791443850267,0.8820375335120644,0.8808567603748326,373,0.9156976744186046,0.8798882681564246,0.8974358974358975,358,0.8552631578947368,0.885558583106267,0.8701472556894244,367
lr_all,3,1098,0.8881828466419731,0.8879781420765027,52,740,0.07027027027027027,"[[331, 16, 26], [20, 317, 21], [26, 14, 327]]",0.8779840848806366,0.8873994638069705,0.8826666666666667,373,0.9135446685878963,0.8854748603351955,0.8992907801418439,358,0.8743315508021391,0.8910081743869209,0.8825910931174089,367
lr_all,4,1098,0.888392404027206,0.8879781420765027,56,740,0.07567567567567568,"[[335, 10, 28], [23, 311, 24], [28, 10, 329]]",0.8678756476683938,0.8981233243967829,0.8827404479578392,373,0.9395770392749244,0.8687150837988827,0.9027576197387518,358,0.863517060367454,0.896457765667575,0.8796791443850267,367
lr_all,5,1098,0.8880982478218225,0.8879781420765027,49,740,0.06621621621621622,"[[336, 13, 24], [21, 310, 27], [25, 13, 329]]",0.8795811518324608,0.900804289544236,0.8900662251655629,373,0.9226190476190477,0.8659217877094972,0.8933717579250721,358,0.8657894736842106,0.896457765667575,0.8808567603748326,367
lr_all,6,1098,0.8865990224169896,0.8861566484517304,59,740,0.07972972972972973,"[[330, 10, 33], [19, 316, 23], [26, 14, 327]]",0.88,0.8847184986595175,0.8823529411764706,373,0.9294117647058824,0.88268156424581,0.9054441260744985,358,0.8537859007832899,0.8910081743869209,0.872,367
lr_all,7,1098,0.8800220675430706,0.8797814207650273,56,740,0.07567567567567568,"[[331, 14, 28], [21, 311, 26], [28, 15, 324]]",0.8710526315789474,0.8873994638069705,0.8791500664010624,373,0.9147058823529411,0.8687150837988827,0.8911174785100286,358,0.8571428571428571,0.8828337874659401,0.8697986577181208,367
lr_all,8,1098,0.8828505747126437,0.8825136612021858,57,740,0.07702702702702703,"[[329, 13, 31], [22, 312, 24], [26, 13, 328]]",0.8726790450928382,0.8820375335120644,0.8773333333333333,373,0.9230769230769231,0.8715083798882681,0.896551724137931,358,0.856396866840731,0.8937329700272479,0.8746666666666667,367
lr_all,9,1098,0.8864027362790216,0.8861566484517304,53,740,0.07162162162162163,"[[331, 15, 27], [18, 313, 27], [26, 12, 329]]",0.8826666666666667,0.8873994638069705,0.8850267379679144,373,0.9205882352941176,0.8743016759776536,0.8968481375358166,358,0.8590078328981723,0.896457765667575,0.8773333333333333,367
rf_all,0,1098,0.8737375423911188,0.8734061930783242,60,740,0.08108108108108109,"[[329, 13, 31], [28, 307, 23], [29, 15, 323]]",0.8523316062176166,0.8820375335120644,0.8669301712779973,373,0.9164179104477612,0.8575418994413407,0.886002886002886,358,0.8567639257294429,0.8801089918256131,0.8682795698924731,367
rf_all,1,1098,0.8844104533170372,0.8843351548269581,47,740,0.06351351351351352,"[[335, 18, 20], [28, 307, 23], [27, 11, 329]]",0.8589743589743589,0.8981233243967829,0.8781127129750983,373,0.9136904761904762,0.8575418994413407,0.8847262247838616,358,0.8844086021505376,0.896457765667575,0.8903924221921515,367
rf_all,2,1098,0.8701836291016479,0.8697632058287796,63,740,0.08513513513513514,"[[324, 16, 33], [30, 306, 22], [30, 12, 325]]",0.84375,0.868632707774799,0.8560105680317041,373,0.9161676646706587,0.8547486033519553,0.884393063583815,358,0.8552631578947368,0.885558583106267,0.8701472556894244,367
rf_all,3,1098,0.8791358050395434,0.8788706739526412,56,740,0.07567567567567568,"[[329, 15, 29], [26, 309, 23], [27, 13, 327]]",0.8612565445026178,0.8820375335120644,0.871523178807947,373,0.9169139465875371,0.8631284916201117,0.8892086330935252,358,0.862796833773087,0.8910081743869209,0.8766756032171582,367
rf_all,4,1098,0.8756308444379046,0.8752276867030966,58,740,0.07837837837837838,"[[327, 16, 30], [35, 305, 18], [28, 10, 329]]",0.8384615384615385,0.8766756032171582,0.8571428571428571,373,0.9214501510574018,0.8519553072625698,0.8853410740203193,358,0.8726790450928382,0.896457765667575,0.8844086021505376,367
rf_all,5,1098,0.87362368478272,0.8734061930783242,57,740,0.07702702702702703,"[[328, 13, 32], [29, 305, 24], [25, 16, 326]]",0.8586387434554974,0.8793565683646113,0.8688741721854305,373,0.9131736526946108,0.8519553072625698,0.8815028901734104,358,0.8534031413612565,0.888283378746594,0.8704939919893191,367
rf_all,6,1098,0.8901398478041035,0.8897996357012751,53,740,0.07162162162162163,"[[337, 11, 25], [26, 312, 20], [28, 11, 328]]",0.8618925831202046,0.903485254691689,0.8821989528795812,373,0.9341317365269461,0.8715083798882681,0.9017341040462428,358,0.8793565683646113,0.8937329700272479,0.8864864864864865,367
rf_all,7,1098,0.8745804837156662,0.8743169398907104,58,740,0.07837837837837838,"[[324, 19, 30], [26, 308, 24], [28, 11, 328]]",0.8571428571428571,0.868632707774799,0.8628495339547271,373,0.9112426035502958,0.8603351955307262,0.8850574712643678,358,0.8586387434554974,0.8937329700272479,0.8758344459279038,367
rf_all,8,1098,0.8753800661846639,0.8752276867030966,55,740,0.07432432432432433,"[[329, 18, 26], [23, 310, 25], [29, 16, 322]]",0.863517060367454,0.8820375335120644,0.8726790450928382,373,0.9011627906976745,0.8659217877094972,0.8831908831908832,358,0.8632707774798928,0.8773841961852861,0.8702702702702703,367
rf_all,9,1098,0.8829673774911969,0.8825136612021858,59,740,0.07972972972972973,"[[329, 12, 32], [26, 310, 22], [27, 10, 330]]",0.8612565445026178,0.8820375335120644,0.871523178807947,373,0.9337349397590361,0.8659217877094972,0.8985507246376812,358,0.859375,0.8991825613079019,0.8788282290279628,367
svm_all,0,1098,0.8773926189356933,0.8770491803278688,59,740,0.07972972972972973,"[[326, 15, 32], [26, 309, 23], [27, 12, 328]]",0.8601583113456465,0.8739946380697051,0.8670212765957447,373,0.9196428571428571,0.8631284916201117,0.8904899135446686,358,0.856396866840731,0.8937329700272479,0.8746666666666667,367
svm_all,1,1098,0.879227316266585,0.8788706739526412,60,740,0.08108108108108109,"[[323, 16, 34], [24, 313, 21], [26, 12, 329]]",0.8659517426273459,0.8659517426273459,0.8659517426273459,373,0.9178885630498533,0.8743016759776536,0.8955650929899857,358,0.8567708333333334,0.896457765667575,0.8761651131824234,367
svm_all,2,1098,0.8764085097886785,0.8761384335154827,58,740,0.07837837837837838,"[[324, 13, 36], [23, 312, 23], [22, 19, 326]]",0.8780487804878049,0.868632707774799,0.8733153638814016,373,0.9069767441860465,0.8715083798882681,0.8888888888888888,358,0.8467532467532467,0.888283378746594,0.8670212765957447,367
svm_all,3,1098,0.8782484735020578,0.8779599271402551,58,740,0.07837837837837838,"[[325, 13, 35], [22, 313, 23], [23, 18, 326]]",0.8783783783783784,0.871313672922252,0.8748317631224765,373,0.9098837209302325,0.8743016759776536,0.8917378917378918,358,0.8489583333333334,0.888283378746594,0.8681757656458056,367
svm_all,4,1098,0.879598880208043,0.8788706739526412,66,740,0.0891891891891892,"[[328, 7, 38], [31, 310, 17], [28, 12, 327]]",0.8475452196382429,0.8793565683646113,0.8631578947368421,373,0.9422492401215805,0.8659217877094972,0.9024745269286754,358,0.856020942408377,0.8910081743869209,0.8731642189586115,367
svm_all,5,1098,0.8809964669948546,0.8806921675774135,56,740,0.07567567567567568,"[[325, 16, 32], [16, 313, 29], [24, 14, 329]]",0.8904109589041096,0.871313672922252,0.8807588075880759,373,0.9125364431486881,0.8743016759776536,0.8930099857346647,358,0.8435897435897436,0.896457765667575,0.869220607661823,367
svm_all,6,1098,0.8793525503483851,0.8788706739526412,62,740,0.08378378378378379,"[[323, 14, 36], [19, 312, 27], [26, 11, 330]]",0.8777173913043478,0.8659517426273459,0.8717948717948718,373,0.9258160237388724,0.8715083798882681,0.897841726618705,358,0.8396946564885496,0.8991825613079019,0.868421052631579,367
svm_all,7,1098,0.8683998080934767,0.8679417122040073,68,740,0.0918918918918919,"[[319, 16, 38], [23, 312, 23], [30, 15, 322]]",0.8575268817204301,0.8552278820375335,0.8563758389261745,373,0.9096209912536443,0.8715083798882681,0.8901569186875892,358,0.8407310704960835,0.8773841961852861,0.8586666666666667,367
svm_all,8,1098,0.8785068824981731,0.8779599271402551,64,740,0.08648648648648649,"[[324, 13, 36], [24, 311, 23], [28, 10, 329]]",0.8617021276595744,0.868632707774799,0.8651535380507344,373,0.9311377245508982,0.8687150837988827,0.8988439306358381,358,0.8479381443298969,0.896457765667575,0.871523178807947,367
svm_all,9,1098,0.8838111911663807,0.8834244080145719,57,740,0.07702702702702703,"[[329, 12, 32], [18, 312, 28], [25, 13, 329]]",0.8844086021505376,0.8820375335120644,0.8832214765100671,373,0.9258160237388724,0.8715083798882681,0.897841726618705,358,0.8457583547557841,0.896457765667575,0.8703703703703703,367
lr_no_psych,0,1098,0.8856030783983678,0.8852459016393442,57,740,0.07702702702702703,"[[328, 14, 31], [19, 315, 24], [26, 12, 329]]",0.8793565683646113,0.8793565683646113,0.8793565683646113,373,0.9237536656891495,0.8798882681564246,0.9012875536480687,358,0.8567708333333334,0.896457765667575,0.8761651131824234,367
lr_no_psych,1,1098,0.8811051693404636,0.8806921675774135,61,740,0.08243243243243244,"[[326, 14, 33], [21, 315, 22], [28, 13, 326]]",0.8693333333333333,0.8739946380697051,0.8716577540106952,373,0.9210526315789473,0.8798882681564246,0.9,358,0.8556430446194225,0.888283378746594,0.8716577540106952,367
lr_no_psych,2,1098,0.8794392105467826,0.8788706739526412,63,740,0.08513513513513514,"[[327, 10, 36], [21, 310, 27], [27, 12, 328]]",0.872,0.8766756032171582,0.8743315508021391,373,0.9337349397590361,0.8659217877094972,0.8985507246376812,358,0.8388746803069054,0.8937329700272479,0.8654353562005277,367
lr_no_psych,3,1098,0.886431264399515,0.8861566484517304,54,740,0.07297297297297298,"[[330, 14, 29], [19, 314, 25], [25, 13, 329]]",0.8823529411764706,0.8847184986595175,0.8835341365461847,373,0.9208211143695014,0.8770949720670391,0.8984263233190272,358,0.8590078328981723,0.896457765667575,0.8773333333333333,367
lr_no_psych,4,1098,0.8838345017013077,0.8834244080145719,58,740,0.07837837837837838,"[[330, 11, 32], [23, 311, 24], [26, 12, 329]]",0.8707124010554089,0.8847184986595175,0.8776595744680851,373,0.9311377245508982,0.8687150837988827,0.8988439306358381,358,0.8545454545454545,0.896457765667575,0.875,367
lr_no_psych,5,1098,0.8855474123715226,0.8852459016393442,55,740,0.07432432432432433,"[[330, 13, 30], [23, 313, 22], [25, 13, 329]]",0.873015873015873,0.8847184986595175,0.8788282290279628,373,0.9233038348082596,0.8743016759776536,0.8981348637015782,358,0.863517060367454,0.896457765667575,0.8796791443850267,367
lr_no_psych,6,1098,0.8837886933068938,0.8834244080145719,57,740,0.07702702702702703,"[[327, 13, 33], [19, 313, 26], [24, 13, 330]]",0.8837837837837837,0.8766756032171582,0.8802153432032301,373,0.9233038348082596,0.8743016759776536,0.8981348637015782,358,0.8483290488431876,0.8991825613079019,0.873015873015873,367
lr_no_psych,7,1098,0.8782584108402413,0.8779599271402551,58,740,0.07837837837837838,"[[327, 15, 31], [23, 311, 24], [27, 14, 326]]",0.8673740053050398,0.8766756032171582,0.872,373,0.9147058823529411,0.8687150837988827,0.8911174785100286,358,0.8556430446194225,0.888283378746594,0.8716577540106952,367
lr_no_psych,8,1098,0.8855601926737505,0.8852459016393442,56,740,0.07567567567567568,"[[327, 14, 32], [21, 315, 22], [24, 13, 330]]",0.8790322580645161,0.8766756032171582,0.8778523489932886,373,0.9210526315789473,0.8798882681564246,0.9,358,0.859375,0.8991825613079019,0.8788282290279628,367
lr_no_psych,9,1098,0.8809970687865301,0.8806921675774135,57,740,0.07702702702702703,"[[326, 15, 32], [19, 313, 26], [25, 14, 328]]",0.8810810810810811,0.8739946380697051,0.8775235531628532,373,0.9152046783625731,0.8743016759776536,0.8942857142857142,358,0.8497409326424871,0.8937329700272479,0.8711819389110226,367
nested_single,0,1098,0.8612285915167369,0.8597449908925319,69,740,0.09324324324324325,"[[308, 12, 53], [4, 308, 46], [16, 23, 328]]",0.9390243902439024,0.8257372654155496,0.8787446504992867,373,0.8979591836734694,0.8603351955307262,0.8787446504992867,358,0.7681498829039812,0.8937329700272479,0.8261964735516373,367
nested_single,1,1098,0.8700705964624311,0.8688524590163934,68,740,0.0918918918918919,"[[306, 13, 54], [8, 305, 45], [14, 10, 343]]",0.9329268292682927,0.8203753351206434,0.8730385164051355,373,0.9298780487804879,0.8519553072625698,0.8892128279883382,358,0.7760180995475113,0.9346049046321526,0.8479604449938195,367
nested_single,2,1098,0.863859752046063,0.8615664845173042,79,740,0.10675675675675676,"[[302, 7, 64], [4, 302, 52], [15, 10, 342]]",0.940809968847352,0.8096514745308311,0.8703170028818443,373,0.9467084639498433,0.8435754189944135,0.8921713441654358,358,0.7467248908296943,0.9318801089918256,0.8290909090909091,367
nested_single,3,1098,0.8683351882759601,0.8679417122040073,56,740,0.07567567567567568,"[[311, 20, 42], [13, 306, 39], [14, 17, 336]]",0.9201183431952663,0.8337801608579088,0.8748241912798875,373,0.892128279883382,0.8547486033519553,0.8730385164051355,358,0.8057553956834532,0.9155313351498637,0.8571428571428571,367
nested_single,4,1098,0.8725335792986182,0.8706739526411658,67,740,0.09054054054054055,"[[309, 7, 57], [5, 303, 50], [10, 13, 344]]",0.9537037037037037,0.8284182305630027,0.8866571018651362,373,0.9380804953560371,0.8463687150837989,0.8898678414096917,358,0.7627494456762749,0.9373297002724795,0.8410757946210269,367
nested_single,5,1098,0.8756283005095357,0.8734061930783242,75,740,0.10135135135135136,"[[301, 5, 67], [6, 301, 51], [8, 2, 357]]",0.9555555555555556,0.806970509383378,0.875,373,0.9772727272727273,0.840782122905028,0.9039039039039038,358,0.751578947368421,0.9727520435967303,0.8479809976247031,367
nested_single,6,1098,0.8781339967477463,0.8761384335154827,64,740,0.08648648648648649,"[[302, 11, 60], [0, 302, 56], [4, 5, 358]]",0.9869281045751634,0.8096514745308311,0.8895434462444771,373,0.949685534591195,0.8435754189944135,0.893491124260355,358,0.7552742616033755,0.9754768392370572,0.8513674197384067,367
nested_single,7,1098,0.876073085198611,0.8734061930783242,72,740,0.0972972972972973,"[[300, 4, 69], [2, 300, 56], [3, 5, 359]]",0.9836065573770492,0.8042895442359249,0.8849557522123894,373,0.970873786407767,0.8379888268156425,0.8995502248875562,358,0.7417355371900827,0.9782016348773842,0.8437132784958872,367
nested_single,8,1098,0.8786710985532326,0.8761384335154827,73,740,0.09864864864864865,"[[300, 5, 68], [1, 305, 52], [5, 5, 357]]",0.9803921568627451,0.8042895442359249,0.8836524300441826,373,0.9682539682539683,0.8519553072625698,0.9063893016344725,358,0.7484276729559748,0.9727520435967303,0.8459715639810427,367
nested_single,9,1098,0.8760369211815342,0.8734061930783242,74,740,0.1,"[[299, 6, 68], [0, 303, 55], [6, 4, 357]]",0.980327868852459,0.8016085790884718,0.8820058997050148,373,0.9680511182108626,0.8463687150837989,0.9031296572280179,358,0.74375,0.9727520435967303,0.8429752066115702,367
