source_row_id,column,parsed_value,violation,lower_bound,upper_bound,integer_required,allowed_values,rule_source,rule_status
1100,noise_level,10.0,above_max,0.0,5.0,True,,DATA_CARD.md / repository provisional convention (not a confirmed data dictionary),provisional
1101,noise_level,10.0,above_max,0.0,5.0,True,,DATA_CARD.md / repository provisional convention (not a confirmed data dictionary),provisional
1102,noise_level,9.0,above_max,0.0,5.0,True,,DATA_CARD.md / repository provisional convention (not a confirmed data dictionary),provisional
1103,living_conditions,20.0,above_max,0.0,5.0,True,,DATA_CARD.md / repository provisional convention (not a confirmed data dictionary),provisional
1104,living_conditions,20.0,above_max,0.0,5.0,True,,DATA_CARD.md / repository provisional convention (not a confirmed data dictionary),provisional
1104,study_load,15.0,above_max,0.0,5.0,True,,DATA_CARD.md / repository provisional convention (not a confirmed data dictionary),provisional
1105,study_load,23.0,above_max,0.0,5.0,True,,DATA_CARD.md / repository provisional convention (not a confirmed data dictionary),provisional
1106,study_load,15.0,above_max,0.0,5.0,True,,DATA_CARD.md / repository provisional convention (not a confirmed data dictionary),provisional
1107,study_load,23.0,above_max,0.0,5.0,True,,DATA_CARD.md / repository provisional convention (not a confirmed data dictionary),provisional
1108,depression,100.0,above_max,0.0,27.0,False,,existing PROVISIONAL_MAX in data.py (inferred from bulk data; not a confirmed data dictionary),provisional
1108,study_load,23.0,above_max,0.0,5.0,True,,DATA_CARD.md / repository provisional convention (not a confirmed data dictionary),provisional
1109,noise_level,10.0,above_max,0.0,5.0,True,,DATA_CARD.md / repository provisional convention (not a confirmed data dictionary),provisional
1109,study_load,13.0,above_max,0.0,5.0,True,,DATA_CARD.md / repository provisional convention (not a confirmed data dictionary),provisional
1110,living_conditions,15.0,above_max,0.0,5.0,True,,DATA_CARD.md / repository provisional convention (not a confirmed data dictionary),provisional
1110,study_load,14.0,above_max,0.0,5.0,True,,DATA_CARD.md / repository provisional convention (not a confirmed data dictionary),provisional
1111,living_conditions,14.0,above_max,0.0,5.0,True,,DATA_CARD.md / repository provisional convention (not a confirmed data dictionary),provisional
1111,study_load,15.0,above_max,0.0,5.0,True,,DATA_CARD.md / repository provisional convention (not a confirmed data dictionary),provisional
1112,living_conditions,17.0,above_max,0.0,5.0,True,,DATA_CARD.md / repository provisional convention (not a confirmed data dictionary),provisional
1112,study_load,10.0,above_max,0.0,5.0,True,,DATA_CARD.md / repository provisional convention (not a confirmed data dictionary),provisional
1113,living_conditions,13.0,above_max,0.0,5.0,True,,DATA_CARD.md / repository provisional convention (not a confirmed data dictionary),provisional
1113,study_load,16.0,above_max,0.0,5.0,True,,DATA_CARD.md / repository provisional convention (not a confirmed data dictionary),provisional
1114,living_conditions,16.0,above_max,0.0,5.0,True,,DATA_CARD.md / repository provisional convention (not a confirmed data dictionary),provisional
1115,living_conditions,14.0,above_max,0.0,5.0,True,,DATA_CARD.md / repository provisional convention (not a confirmed data dictionary),provisional
1116,living_conditions,15.0,above_max,0.0,5.0,True,,DATA_CARD.md / repository provisional convention (not a confirmed data dictionary),provisional
1117,living_conditions,21.0,above_max,0.0,5.0,True,,DATA_CARD.md / repository provisional convention (not a confirmed data dictionary),provisional
1118,living_conditions,17.0,above_max,0.0,5.0,True,,DATA_CARD.md / repository provisional convention (not a confirmed data dictionary),provisional
1119,living_conditions,13.0,above_max,0.0,5.0,True,,DATA_CARD.md / repository provisional convention (not a confirmed data dictionary),provisional
1120,depression,100.0,above_max,0.0,27.0,False,,existing PROVISIONAL_MAX in data.py (inferred from bulk data; not a confirmed data dictionary),provisional
