source_row_id,duplicate_group_id,true
0,338,1
1,408,2
2,215,1
3,430,2
4,443,1
5,684,2
6,826,0
7,494,2
8,290,1
9,939,1
10,470,2
11,479,2
12,875,0
13,1083,2
14,653,0
15,169,1
16,917,0
17,954,0
18,177,1
19,716,2
20,785,0
21,513,2
22,972,0
23,699,2
24,287,1
25,910,0
26,545,2
27,979,0
28,299,1
29,499,2
30,16,0
31,407,1
32,414,2
33,1079,1
34,953,0
35,1070,1
36,225,1
37,978,0
38,755,2
39,861,0
40,876,0
41,1020,0
42,47,0
43,619,2
44,394,2
45,807,0
46,568,2
47,974,0
48,221,1
49,641,0
50,1000,0
51,79,1
52,923,0
53,598,2
54,296,1
55,293,1
56,214,1
57,1008,0
58,839,0
59,830,0
60,833,0
61,1019,1
62,786,0
63,235,1
64,708,0
65,857,0
66,525,2
67,170,1
68,181,1
69,40,1
70,879,0
71,729,2
72,640,0
73,27,0
74,758,2
75,497,2
76,697,2
77,63,0
78,269,1
79,523,2
80,825,0
81,1065,1
82,478,2
83,10,0
84,250,1
85,126,1
86,1072,1
87,493,2
88,152,1
89,468,2
90,1055,1
91,426,2
92,671,2
93,1082,2
94,991,0
95,614,1
96,388,2
97,502,2
98,911,0
99,1081,1
100,310,1
101,691,1
102,148,1
103,196,1
104,804,0
105,994,0
106,574,2
107,793,0
108,458,2
109,398,2
110,64,0
111,495,2
112,873,0
113,1084,1
114,772,2
115,472,2
116,286,1
117,615,2
118,556,2
119,1075,1
120,916,0
121,506,2
122,984,0
123,1060,1
124,282,1
125,594,0
126,255,1
127,904,0
128,361,2
129,335,1
130,871,0
131,200,1
132,682,0
133,323,1
134,166,1
135,948,0
136,898,0
137,579,2
138,1001,0
139,133,1
140,71,2
141,309,0
142,149,1
143,657,0
144,931,2
145,647,0
146,1051,1
147,537,2
148,1066,1
149,527,2
150,1012,0
151,1057,1
152,346,1
153,439,2
154,510,2
155,132,1
156,932,0
157,195,1
158,659,0
159,70,0
160,291,1
161,390,1
162,381,2
163,138,1
164,886,0
165,395,2
166,76,1
167,662,0
168,164,1
169,1039,1
170,821,0
171,503,2
172,254,1
173,928,0
174,864,0
175,367,2
176,480,2
177,752,2
178,820,1
179,960,0
180,842,0
181,703,2
182,1067,1
183,921,0
184,187,2
185,683,2
186,94,1
187,802,0
188,143,1
189,550,2
190,890,1
191,107,1
192,353,2
193,161,1
194,893,2
195,446,2
196,471,2
197,919,0
198,284,1
199,628,0
200,726,2
201,457,2
202,454,2
203,124,1
204,761,0
205,698,2
206,403,2
207,570,2
208,475,2
209,941,2
210,194,1
211,423,0
212,41,0
213,301,1
214,1015,0
215,612,2
216,156,1
217,1086,1
218,866,0
219,312,0
220,601,1
221,117,1
222,183,1
223,606,2
224,66,0
225,302,1
226,847,2
227,220,1
228,1045,1
229,1074,1
230,779,0
231,846,0
232,806,0
233,280,1
234,413,2
235,435,2
236,734,2
237,305,1
238,167,1
239,903,0
240,1069,1
241,230,1
242,198,1
243,343,1
244,906,0
245,971,0
246,933,0
247,757,2
248,421,2
249,970,0
250,449,2
251,272,1
252,863,0
253,281,1
254,885,0
255,162,1
256,980,0
257,68,0
258,158,1
259,853,1
260,997,0
261,222,1
262,1024,0
263,355,1
264,1050,1
265,216,1
266,131,1
267,429,2
268,58,0
269,1005,0
270,1089,1
271,989,0
272,599,2
273,749,2
274,981,0
275,946,0
276,441,2
277,411,2
278,314,1
279,259,1
280,578,2
281,872,0
282,553,2
283,707,2
284,247,2
285,46,2
286,73,2
287,985,0
288,410,2
289,1097,2
290,1094,0
291,61,0
292,7,0
293,732,0
294,448,2
295,233,1
296,848,0
297,185,1
298,1048,1
299,111,1
300,652,0
301,294,1
302,630,0
303,549,2
304,824,0
305,33,1
306,655,0
307,118,1
308,670,2
309,105,1
310,987,0
311,83,1
312,201,0
313,344,1
314,21,0
315,963,0
316,547,2
317,1010,0
318,784,0
319,333,1
320,627,0
321,918,0
322,573,2
323,700,2
324,29,1
325,100,1
326,810,0
327,792,0
328,730,2
329,223,1
330,146,1
331,805,0
332,634,0
333,654,0
334,208,1
335,639,0
336,197,1
337,768,0
338,1026,0
339,501,1
340,741,2
341,92,1
342,532,2
343,750,2
344,728,2
345,762,2
346,415,2
347,711,2
348,406,2
349,529,2
350,348,1
351,147,1
352,137,1
353,565,2
354,587,2
355,588,2
356,967,0
357,85,1
358,925,0
359,926,0
360,490,0
361,218,1
362,1037,1
363,1002,0
364,256,1
365,635,0
366,491,0
367,1014,0
368,880,0
369,664,0
370,651,0
371,746,2
372,667,2
373,276,1
374,692,2
375,460,2
376,339,1
377,836,0
378,473,2
379,629,1
380,1059,1
381,862,0
382,512,2
383,90,1
384,737,0
385,616,2
386,342,1
387,114,1
388,425,2
389,1095,0
390,352,1
391,712,2
392,199,1
393,905,2
394,509,2
395,860,0
396,74,2
397,11,0
398,618,2
399,409,2
400,720,2
401,566,2
402,990,0
403,456,2
404,246,1
405,451,0
406,466,2
407,777,0
408,244,0
409,331,1
410,278,1
411,623,2
412,275,1
413,142,1
414,135,1
415,679,2
416,769,2
417,365,2
418,26,0
419,827,0
420,53,2
421,49,0
422,546,1
423,416,2
424,171,1
425,969,0
426,526,2
427,1058,1
428,57,0
429,427,2
430,1031,2
431,1068,1
432,1013,0
433,790,0
434,801,0
435,203,1
436,794,0
437,739,1
438,818,1
439,966,0
440,952,0
441,812,1
442,795,0
443,384,2
444,139,1
445,719,2
446,442,2
447,560,2
448,725,2
449,690,0
450,389,2
451,988,0
452,538,1
453,505,2
454,30,0
455,193,0
456,803,0
457,852,1
458,327,1
459,277,1
460,507,2
461,379,2
462,178,1
463,329,1
464,382,2
465,782,0
466,544,2
467,621,2
468,487,2
469,551,2
470,424,2
471,234,1
472,1018,0
473,775,0
474,895,1
475,626,0
476,706,1
477,469,2
478,262,1
479,59,0
480,747,2
481,145,1
482,450,1
483,399,2
484,705,2
485,517,2
486,643,0
487,419,0
488,894,1
489,328,1
490,374,2
491,609,2
492,268,1
493,248,1
494,817,0
495,273,1
496,249,0
497,18,0
498,337,1
499,385,2
500,787,0
501,575,2
502,930,0
503,851,1
504,432,2
505,649,0
506,270,1
507,1044,1
508,543,2
509,189,2
510,35,0
511,531,2
512,867,0
513,686,2
514,288,1
515,236,1
516,1021,0
517,23,0
518,704,2
519,80,1
520,600,1
521,211,0
522,297,1
523,380,2
524,89,1
525,253,1
526,983,0
527,440,2
528,155,1
529,834,0
530,920,0
531,174,1
532,1046,1
533,958,0
534,102,0
535,465,2
536,172,1
537,586,2
538,518,2
539,735,2
540,589,2
541,1096,0
542,445,2
543,913,0
544,976,0
545,486,2
546,228,1
547,883,0
548,165,1
549,140,1
550,1016,0
551,207,1
552,961,0
553,123,1
554,363,0
555,838,0
556,998,0
557,376,2
558,434,0
559,25,0
560,1053,1
561,319,1
562,422,2
563,591,2
564,1054,1
565,121,1
566,636,0
567,492,2
568,1022,0
569,308,1
570,289,1
571,887,2
572,563,2
573,858,0
574,535,0
575,99,1
576,929,0
577,940,0
578,298,1
579,837,0
580,685,2
581,1,0
582,955,0
583,34,0
584,0,0
585,239,1
586,982,0
587,672,2
588,43,0
589,849,2
590,317,1
591,596,2
592,850,2
593,593,2
594,154,1
595,1073,1
596,611,2
597,816,1
598,153,1
599,951,0
600,859,0
601,696,2
602,759,2
603,267,1
604,17,0
605,656,0
606,603,2
607,624,0
608,229,1
609,650,0
610,1042,1
611,1088,1
612,292,1
613,62,0
614,67,0
615,186,1
616,687,2
617,157,1
618,1078,1
619,336,1
620,265,1
621,840,0
622,184,1
623,205,1
624,665,0
625,251,1
626,112,1
627,113,1
628,9,0
629,134,1
630,796,0
631,582,2
632,844,0
633,402,2
634,188,1
635,689,2
636,127,1
637,922,1
638,8,0
639,106,1
640,882,0
641,760,2
642,463,2
643,884,0
644,516,2
645,1041,1
646,644,0
647,783,0
648,892,0
649,1093,1
650,959,0
651,936,0
652,992,0
653,1006,0
654,51,0
655,263,1
656,765,2
657,631,0
658,1040,1
659,182,1
660,103,1
661,721,2
662,474,2
663,2,0
664,908,0
665,75,1
666,86,1
667,957,0
668,212,0
669,28,0
670,87,1
671,995,0
672,964,0
673,354,1
674,326,1
675,666,2
676,1063,1
677,718,2
678,32,0
679,176,1
680,368,2
681,962,0
682,316,1
683,950,0
684,141,1
685,831,0
686,453,2
687,766,2
688,780,0
689,428,2
690,12,2
691,192,2
692,897,1
693,973,0
694,993,0
695,6,0
696,283,1
697,65,0
698,554,2
699,386,2
700,564,2
701,658,0
702,975,0
703,110,1
704,1029,0
705,977,0
706,548,2
707,48,0
708,756,2
709,681,2
710,945,2
711,371,2
712,1090,1
713,592,2
714,459,2
715,31,2
716,561,2
717,709,2
718,237,1
719,274,1
720,455,2
721,693,2
722,477,2
723,60,0
724,213,1
725,252,1
726,400,2
727,617,2
728,557,2
729,797,0
730,828,0
731,809,0
732,524,2
733,1038,1
734,340,1
735,13,0
736,559,2
737,366,2
738,754,2
739,91,1
740,345,1
741,927,0
742,243,1
743,736,2
744,808,0
745,773,0
746,202,1
747,724,2
748,84,1
749,915,0
750,438,2
751,938,0
752,534,1
753,646,0
754,743,2
755,590,2
756,242,1
757,500,2
758,774,0
759,95,1
760,877,0
761,151,1
762,668,2
763,271,1
764,304,1
765,1047,1
766,632,0
767,748,2
768,14,2
769,702,2
770,1009,0
771,356,1
772,37,0
773,511,2
774,22,0
775,362,2
776,778,0
777,420,2
778,412,2
779,622,0
780,605,2
781,633,0
782,324,1
783,663,0
784,943,0
785,744,2
786,300,1
787,996,0
788,120,1
789,369,2
790,584,2
791,585,2
792,483,2
793,1064,1
794,558,0
795,266,1
796,1028,0
797,613,2
798,81,1
799,567,2
800,576,0
801,311,0
802,845,0
803,168,1
804,674,2
806,418,2
807,791,0
808,515,2
809,520,2
810,238,1
811,122,2
812,1043,1
813,856,0
814,179,1
815,1032,0
816,489,1
817,1004,0
818,261,1
819,452,2
820,258,1
821,738,1
822,217,1
823,360,1
824,341,1
825,896,2
826,540,2
827,330,1
828,241,2
829,869,0
830,798,0
831,313,1
832,377,2
833,909,0
834,514,2
835,173,1
836,751,2
837,227,1
838,1027,0
839,104,1
840,1071,1
841,694,2
842,144,1
843,38,0
844,373,2
845,484,2
846,1025,0
847,695,2
848,1034,0
849,868,0
850,320,1
851,97,1
852,508,2
853,733,1
854,832,0
855,204,2
856,364,1
857,942,2
858,602,0
859,536,2
860,77,1
861,175,2
862,404,2
863,874,0
864,321,1
865,660,0
866,815,2
867,350,1
868,44,0
869,231,1
870,101,1
871,334,1
872,209,1
873,968,0
874,776,0
875,210,1
876,264,1
877,19,0
878,1052,1
879,781,0
880,1085,1
881,349,1
882,1017,0
883,24,0
884,393,1
885,436,2
886,811,0
887,1030,2
888,358,1
890,530,2
891,401,2
892,767,2
893,295,1
894,447,2
895,496,2
896,318,1
897,396,0
898,677,0
899,1023,0
900,42,0
901,900,0
902,717,1
903,36,0
904,375,2
905,1011,0
906,108,1
907,829,0
908,552,2
909,555,2
910,902,0
911,55,0
912,789,0
913,359,1
914,1062,1
915,521,2
916,1007,0
917,814,1
918,257,1
919,947,2
920,240,1
921,351,1
922,482,2
923,15,0
924,522,2
925,219,1
926,285,1
927,159,1
928,392,2
929,1061,1
930,637,0
931,583,2
932,620,2
933,467,2
934,136,1
935,914,0
936,819,0
937,669,2
938,1077,1
939,722,2
940,160,1
941,648,0
942,116,1
943,391,2
944,481,2
945,580,2
946,191,2
947,461,2
948,701,2
949,676,2
950,119,1
951,519,2
952,581,2
953,542,2
954,52,0
955,128,1
956,723,2
957,397,2
958,788,0
959,924,0
960,753,2
961,528,2
962,934,0
963,504,2
964,835,0
965,1087,1
966,437,2
967,98,1
968,843,0
969,163,1
970,306,1
971,485,2
972,956,0
973,714,2
974,39,0
975,680,2
976,901,0
977,109,1
978,488,2
979,533,2
980,965,0
981,96,1
982,464,2
983,597,2
984,1091,0
985,569,2
986,742,2
987,1003,0
988,763,2
989,661,0
990,1080,1
991,1049,1
992,813,2
993,476,2
994,3,0
995,1076,1
996,372,2
997,912,0
998,878,0
999,4,0
1000,307,1
1001,1056,1
1002,854,1
1003,607,1
1004,899,0
1005,325,1
1006,82,1
1007,642,0
1008,226,1
1009,571,2
1010,357,1
1011,72,2
1012,5,0
1013,764,0
1014,745,0
1015,115,1
1016,800,0
1017,999,0
1018,865,0
1019,562,2
1020,881,0
1021,740,2
1022,498,2
1023,1092,0
1024,870,0
1025,715,2
1026,604,1
1027,232,1
1028,462,2
1029,417,2
1030,907,0
1031,347,1
1032,539,2
1033,54,0
1034,577,2
1035,771,0
1036,949,0
1037,888,1
1038,129,1
1039,673,2
1040,855,2
1041,731,2
1042,891,0
1043,125,1
1044,370,2
1045,224,1
1046,93,1
1047,190,2
1048,688,0
1049,50,0
1050,986,0
1051,799,0
1052,315,2
1053,245,1
1054,678,2
1055,1033,0
1056,645,0
1057,206,1
1058,78,1
1059,431,2
1060,378,2
1061,935,0
1062,56,0
1063,45,0
1064,444,2
1065,180,2
1066,727,2
1067,332,1
1068,638,0
1069,303,1
1070,610,2
1071,433,2
1072,383,2
1073,322,0
1074,88,1
1075,260,1
1076,387,2
1077,822,0
1078,20,0
1079,770,2
1080,625,2
1081,405,2
1082,130,1
1083,713,2
1084,937,2
1085,608,2
1086,1036,0
1087,841,0
1088,675,2
1089,595,0
1090,889,0
1091,572,2
1092,279,1
1093,69,0
1094,944,2
1095,150,1
1096,1035,2
1097,823,0
1098,710,2
1099,541,2
