field,min,max,n_missing,provisional_max,n_above_provisional_max,n_below_min,n_above_max,n_non_integer,n_invalid_category,n_non_finite,rule_status,rule_source
anxiety_level,0.0,21.0,3,21.0,0,0,0,0,0,0,provisional,existing PROVISIONAL_MAX in data.py (inferred from bulk data; not a confirmed data dictionary)
self_esteem,0.0,30.0,3,30.0,0,0,0,0,0,0,provisional,existing PROVISIONAL_MAX in data.py (inferred from bulk data; not a confirmed data dictionary)
mental_health_history,0.0,1.0,2,1.0,0,0,0,0,0,0,provisional,DATA_CARD.md / repository provisional convention (not a confirmed data dictionary)
depression,0.0,100.0,3,27.0,2,0,2,0,0,0,provisional,existing PROVISIONAL_MAX in data.py (inferred from bulk data; not a confirmed data dictionary)
headache,0.0,5.0,0,5.0,0,0,0,0,0,0,provisional,DATA_CARD.md / repository provisional convention (not a confirmed data dictionary)
blood_pressure,1.0,3.0,3,3.0,0,0,0,0,0,0,provisional,existing PROVISIONAL_MAX in data.py (inferred from bulk data; not a confirmed data dictionary)
sleep_quality,0.0,5.0,2,5.0,0,0,0,0,0,0,provisional,DATA_CARD.md / repository provisional convention (not a confirmed data dictionary)
breathing_problem,0.0,5.0,3,5.0,0,0,0,0,0,0,provisional,DATA_CARD.md / repository provisional convention (not a confirmed data dictionary)
noise_level,0.0,10.0,1,5.0,4,0,4,0,0,0,provisional,DATA_CARD.md / repository provisional convention (not a confirmed data dictionary)
living_conditions,0.0,21.0,0,5.0,12,0,12,0,0,0,provisional,DATA_CARD.md / repository provisional convention (not a confirmed data dictionary)
safety,0.0,5.0,0,5.0,0,0,0,0,0,0,provisional,DATA_CARD.md / repository provisional convention (not a confirmed data dictionary)
basic_needs,0.0,5.0,0,5.0,0,0,0,0,0,0,provisional,DATA_CARD.md / repository provisional convention (not a confirmed data dictionary)
academic_performance,0.0,5.0,2,5.0,0,0,0,0,0,0,provisional,DATA_CARD.md / repository provisional convention (not a confirmed data dictionary)
study_load,0.0,23.0,0,5.0,10,0,10,0,0,0,provisional,DATA_CARD.md / repository provisional convention (not a confirmed data dictionary)
teacher_student_relationship,0.0,5.0,3,5.0,0,0,0,0,0,0,provisional,DATA_CARD.md / repository provisional convention (not a confirmed data dictionary)
future_career_concerns,0.0,5.0,2,5.0,0,0,0,0,0,0,provisional,DATA_CARD.md / repository provisional convention (not a confirmed data dictionary)
social_support,0.0,3.0,1,3.0,0,0,0,0,0,0,provisional,existing PROVISIONAL_MAX in data.py (inferred from bulk data; not a confirmed data dictionary)
peer_pressure,0.0,5.0,1,5.0,0,0,0,0,0,0,provisional,DATA_CARD.md / repository provisional convention (not a confirmed data dictionary)
extracurricular_activities,0.0,5.0,2,5.0,0,0,0,0,0,0,provisional,DATA_CARD.md / repository provisional convention (not a confirmed data dictionary)
bullying,0.0,5.0,1,5.0,0,0,0,0,0,0,provisional,DATA_CARD.md / repository provisional convention (not a confirmed data dictionary)
stress_level,0.0,2.0,2,2.0,0,0,0,0,0,0,provisional,DATA_CARD.md / repository provisional convention (not a confirmed data dictionary)
