repeat,fold,model,macro_f1,accuracy,selected_feature,cross_level_0_2_numerator,cross_level_0_2_denominator,cross_level_0_2_rate,confusion_matrix,class_0_precision,class_0_recall,class_0_f1,class_0_support,class_1_precision,class_1_recall,class_1_f1,class_1_support,class_2_precision,class_2_recall,class_2_f1,class_2_support
0,0,dummy,0.1694915254237288,0.3409090909090909,,73,148,0.49324324324324326,"[[75, 0, 0], [72, 0, 0], [73, 0, 0]]",0.3409090909090909,1.0,0.5084745762711864,75,0.0,0.0,0.0,72,0.0,0.0,0.0,73
0,0,lr_all,0.8903292432704197,0.8909090909090909,,8,148,0.05405405405405406,"[[65, 4, 6], [6, 60, 6], [2, 0, 71]]",0.8904109589041096,0.8666666666666667,0.8783783783783784,75,0.9375,0.8333333333333334,0.8823529411764706,72,0.8554216867469879,0.9726027397260274,0.9102564102564102,73
0,0,rf_all,0.8719972837619897,0.8727272727272727,,9,148,0.060810810810810814,"[[66, 4, 5], [8, 57, 7], [4, 0, 69]]",0.8461538461538461,0.88,0.8627450980392157,75,0.9344262295081968,0.7916666666666666,0.8571428571428571,72,0.8518518518518519,0.9452054794520548,0.8961038961038961,73
0,0,svm_all,0.8760893741785463,0.8772727272727273,,8,148,0.05405405405405406,"[[65, 4, 6], [8, 57, 7], [2, 0, 71]]",0.8666666666666667,0.8666666666666667,0.8666666666666667,75,0.9344262295081968,0.7916666666666666,0.8571428571428571,72,0.8452380952380952,0.9726027397260274,0.9044585987261147,73
0,0,lr_no_psych,0.8904949292988467,0.8909090909090909,,8,148,0.05405405405405406,"[[66, 4, 5], [5, 60, 7], [3, 0, 70]]",0.8918918918918919,0.88,0.8859060402684564,75,0.9375,0.8333333333333334,0.8823529411764706,72,0.8536585365853658,0.958904109589041,0.9032258064516129,73
0,0,nested_single,0.8587087001538337,0.8545454545454545,blood_pressure,17,148,0.11486486486486487,"[[58, 0, 17], [0, 57, 15], [0, 0, 73]]",1.0,0.7733333333333333,0.8721804511278195,75,1.0,0.7916666666666666,0.8837209302325582,72,0.6952380952380952,1.0,0.8202247191011236,73
0,1,dummy,0.1694915254237288,0.3409090909090909,,73,148,0.49324324324324326,"[[75, 0, 0], [72, 0, 0], [73, 0, 0]]",0.3409090909090909,1.0,0.5084745762711864,75,0.0,0.0,0.0,72,0.0,0.0,0.0,73
0,1,lr_all,0.8729163610779329,0.8727272727272727,,13,148,0.08783783783783784,"[[67, 2, 6], [4, 63, 5], [7, 4, 62]]",0.8589743589743589,0.8933333333333333,0.8758169934640523,75,0.9130434782608695,0.875,0.8936170212765957,72,0.8493150684931506,0.8493150684931506,0.8493150684931506,73
0,1,rf_all,0.8505903810467984,0.85,,18,148,0.12162162162162163,"[[65, 2, 8], [5, 63, 4], [10, 4, 59]]",0.8125,0.8666666666666667,0.8387096774193549,75,0.9130434782608695,0.875,0.8936170212765957,72,0.8309859154929577,0.8082191780821918,0.8194444444444444,73
0,1,svm_all,0.8551977097870819,0.8545454545454545,,18,148,0.12162162162162163,"[[68, 2, 5], [6, 63, 3], [13, 3, 57]]",0.7816091954022989,0.9066666666666666,0.8395061728395061,75,0.9264705882352942,0.875,0.9,72,0.8769230769230769,0.7808219178082192,0.8260869565217391,73
0,1,lr_no_psych,0.8773497222680525,0.8772727272727273,,14,148,0.0945945945945946,"[[67, 2, 6], [2, 65, 5], [8, 4, 61]]",0.8701298701298701,0.8933333333333333,0.881578947368421,75,0.9154929577464789,0.9027777777777778,0.9090909090909091,72,0.8472222222222222,0.8356164383561644,0.8413793103448276,73
0,1,nested_single,0.849959889111163,0.85,future_career_concerns,13,148,0.08783783783783784,"[[62, 5, 8], [0, 66, 6], [5, 9, 59]]",0.9253731343283582,0.8266666666666667,0.8732394366197183,75,0.825,0.9166666666666666,0.868421052631579,72,0.8082191780821918,0.8082191780821918,0.8082191780821918,73
0,2,dummy,0.1694915254237288,0.3409090909090909,,73,148,0.49324324324324326,"[[75, 0, 0], [72, 0, 0], [73, 0, 0]]",0.3409090909090909,1.0,0.5084745762711864,75,0.0,0.0,0.0,72,0.0,0.0,0.0,73
0,2,lr_all,0.8864038766191408,0.8863636363636364,,11,148,0.07432432432432433,"[[64, 5, 6], [3, 66, 3], [5, 3, 65]]",0.8888888888888888,0.8533333333333334,0.8707482993197279,75,0.8918918918918919,0.9166666666666666,0.9041095890410958,72,0.8783783783783784,0.8904109589041096,0.8843537414965986,73
0,2,rf_all,0.8679725860933916,0.8681818181818182,,12,148,0.08108108108108109,"[[64, 5, 6], [3, 66, 3], [6, 6, 61]]",0.8767123287671232,0.8533333333333334,0.8648648648648649,75,0.8571428571428571,0.9166666666666666,0.8859060402684564,72,0.8714285714285714,0.8356164383561644,0.8531468531468531,73
0,2,svm_all,0.8772403938744447,0.8772727272727273,,12,148,0.08108108108108109,"[[63, 5, 7], [3, 66, 3], [5, 4, 64]]",0.8873239436619719,0.84,0.863013698630137,75,0.88,0.9166666666666666,0.8979591836734694,72,0.8648648648648649,0.8767123287671232,0.8707482993197279,73
0,2,lr_no_psych,0.8774729763003025,0.8772727272727273,,14,148,0.0945945945945946,"[[64, 4, 7], [3, 66, 3], [7, 3, 63]]",0.8648648648648649,0.8533333333333334,0.8590604026845637,75,0.9041095890410958,0.9166666666666666,0.9103448275862069,72,0.863013698630137,0.863013698630137,0.863013698630137,73
0,2,nested_single,0.8538801611771807,0.8545454545454545,anxiety_level,15,148,0.10135135135135136,"[[66, 3, 6], [4, 65, 3], [9, 7, 57]]",0.8354430379746836,0.88,0.8571428571428571,75,0.8666666666666667,0.9027777777777778,0.8843537414965986,72,0.8636363636363636,0.7808219178082192,0.8201438848920863,73
0,3,dummy,0.16837315130830488,0.3378995433789954,,74,148,0.5,"[[74, 0, 0], [71, 0, 0], [74, 0, 0]]",0.3378995433789954,1.0,0.5051194539249146,74,0.0,0.0,0.0,71,0.0,0.0,0.0,74
0,3,lr_all,0.9093581408365342,0.908675799086758,,11,148,0.07432432432432433,"[[67, 1, 6], [2, 65, 4], [5, 2, 67]]",0.9054054054054054,0.9054054054054054,0.9054054054054054,74,0.9558823529411765,0.9154929577464789,0.935251798561151,71,0.8701298701298701,0.9054054054054054,0.8874172185430463,74
0,3,rf_all,0.8817053391404871,0.8812785388127854,,12,148,0.08108108108108109,"[[67, 1, 6], [6, 62, 3], [6, 4, 64]]",0.8481012658227848,0.9054054054054054,0.8758169934640523,74,0.9253731343283582,0.8732394366197183,0.8985507246376812,71,0.8767123287671232,0.8648648648648649,0.8707482993197279,74
0,3,svm_all,0.9044261108698798,0.9041095890410958,,10,148,0.06756756756756757,"[[66, 2, 6], [3, 65, 3], [4, 3, 67]]",0.9041095890410958,0.8918918918918919,0.8979591836734694,74,0.9285714285714286,0.9154929577464789,0.9219858156028369,71,0.881578947368421,0.9054054054054054,0.8933333333333333,74
0,3,lr_no_psych,0.9000388290363963,0.8995433789954338,,11,148,0.07432432432432433,"[[65, 2, 7], [2, 65, 4], [4, 3, 67]]",0.9154929577464789,0.8783783783783784,0.896551724137931,74,0.9285714285714286,0.9154929577464789,0.9219858156028369,71,0.8589743589743589,0.9054054054054054,0.881578947368421,74
0,3,nested_single,0.8776414780471575,0.8767123287671232,future_career_concerns,8,148,0.05405405405405406,"[[64, 4, 6], [0, 63, 8], [2, 7, 65]]",0.9696969696969697,0.8648648648648649,0.9142857142857143,74,0.8513513513513513,0.8873239436619719,0.8689655172413793,71,0.8227848101265823,0.8783783783783784,0.8496732026143791,74
0,4,dummy,0.16837315130830488,0.3378995433789954,,74,148,0.5,"[[74, 0, 0], [71, 0, 0], [74, 0, 0]]",0.3378995433789954,1.0,0.5051194539249146,74,0.0,0.0,0.0,71,0.0,0.0,0.0,74
0,4,lr_all,0.8852787883687713,0.8858447488584474,,8,148,0.05405405405405406,"[[67, 2, 5], [6, 58, 7], [3, 2, 69]]",0.881578947368421,0.9054054054054054,0.8933333333333333,74,0.9354838709677419,0.8169014084507042,0.8721804511278195,71,0.8518518518518519,0.9324324324324325,0.8903225806451613,74
0,4,rf_all,0.8949028749028748,0.8949771689497716,,9,148,0.060810810810810814,"[[67, 1, 6], [6, 59, 6], [3, 1, 70]]",0.881578947368421,0.9054054054054054,0.8933333333333333,74,0.9672131147540983,0.8309859154929577,0.8939393939393939,71,0.8536585365853658,0.9459459459459459,0.8974358974358975,74
0,4,svm_all,0.8721154906555114,0.8721461187214612,,11,148,0.07432432432432433,"[[64, 2, 8], [6, 58, 7], [3, 2, 69]]",0.8767123287671232,0.8648648648648649,0.8707482993197279,74,0.9354838709677419,0.8169014084507042,0.8721804511278195,71,0.8214285714285714,0.9324324324324325,0.8734177215189873,74
0,4,lr_no_psych,0.8812193630815752,0.8812785388127854,,10,148,0.06756756756756757,"[[66, 2, 6], [7, 59, 5], [4, 2, 68]]",0.8571428571428571,0.8918918918918919,0.8741721854304636,74,0.9365079365079365,0.8309859154929577,0.8805970149253731,71,0.8607594936708861,0.918918918918919,0.8888888888888888,74
0,4,nested_single,0.8669578509817274,0.863013698630137,blood_pressure,16,148,0.10810810810810811,"[[58, 0, 16], [0, 57, 14], [0, 0, 74]]",1.0,0.7837837837837838,0.8787878787878788,74,1.0,0.8028169014084507,0.890625,71,0.7115384615384616,1.0,0.8314606741573034,74
1,0,dummy,0.1694915254237288,0.3409090909090909,,73,148,0.49324324324324326,"[[75, 0, 0], [72, 0, 0], [73, 0, 0]]",0.3409090909090909,1.0,0.5084745762711864,75,0.0,0.0,0.0,72,0.0,0.0,0.0,73
1,0,lr_all,0.8815105837958144,0.8818181818181818,,12,148,0.08108108108108109,"[[67, 4, 4], [3, 67, 2], [8, 5, 60]]",0.8589743589743589,0.8933333333333333,0.8758169934640523,75,0.881578947368421,0.9305555555555556,0.9054054054054054,72,0.9090909090909091,0.821917808219178,0.8633093525179856,73
1,0,rf_all,0.8866009974823621,0.8863636363636364,,9,148,0.060810810810810814,"[[70, 4, 1], [6, 65, 1], [8, 5, 60]]",0.8333333333333334,0.9333333333333333,0.8805031446540881,75,0.8783783783783784,0.9027777777777778,0.8904109589041096,72,0.967741935483871,0.821917808219178,0.8888888888888888,73
1,0,svm_all,0.8862969788990855,0.8863636363636364,,12,148,0.08108108108108109,"[[69, 2, 4], [5, 66, 1], [8, 5, 60]]",0.8414634146341463,0.92,0.8789808917197452,75,0.9041095890410958,0.9166666666666666,0.9103448275862069,72,0.9230769230769231,0.821917808219178,0.8695652173913043,73
1,0,lr_no_psych,0.8635016313135662,0.8636363636363636,,15,148,0.10135135135135136,"[[67, 4, 4], [5, 66, 1], [11, 5, 57]]",0.8072289156626506,0.8933333333333333,0.8481012658227848,75,0.88,0.9166666666666666,0.8979591836734694,72,0.9193548387096774,0.7808219178082192,0.8444444444444444,73
1,0,nested_single,0.8594037541405962,0.8590909090909091,sleep_quality,11,148,0.07432432432432433,"[[66, 7, 2], [6, 66, 0], [9, 7, 57]]",0.8148148148148148,0.88,0.8461538461538461,75,0.825,0.9166666666666666,0.868421052631579,72,0.9661016949152542,0.7808219178082192,0.8636363636363636,73
1,1,dummy,0.1694915254237288,0.3409090909090909,,73,148,0.49324324324324326,"[[75, 0, 0], [72, 0, 0], [73, 0, 0]]",0.3409090909090909,1.0,0.5084745762711864,75,0.0,0.0,0.0,72,0.0,0.0,0.0,73
1,1,lr_all,0.9090258751902587,0.9090909090909091,,8,148,0.05405405405405406,"[[65, 6, 4], [2, 66, 4], [4, 0, 69]]",0.9154929577464789,0.8666666666666667,0.8904109589041096,75,0.9166666666666666,0.9166666666666666,0.9166666666666666,72,0.8961038961038961,0.9452054794520548,0.92,73
1,1,rf_all,0.9002185116470831,0.9,,9,148,0.060810810810810814,"[[66, 5, 4], [4, 65, 3], [5, 1, 67]]",0.88,0.88,0.88,75,0.9154929577464789,0.9027777777777778,0.9090909090909091,72,0.9054054054054054,0.9178082191780822,0.9115646258503401,73
1,1,svm_all,0.890629122272958,0.8909090909090909,,10,148,0.06756756756756757,"[[62, 8, 5], [2, 66, 4], [5, 0, 68]]",0.8985507246376812,0.8266666666666667,0.8611111111111112,75,0.8918918918918919,0.9166666666666666,0.9041095890410958,72,0.8831168831168831,0.9315068493150684,0.9066666666666666,73
1,1,lr_no_psych,0.9046259163329985,0.9045454545454545,,10,148,0.06756756756756757,"[[65, 5, 5], [1, 67, 4], [5, 1, 67]]",0.9154929577464789,0.8666666666666667,0.8904109589041096,75,0.9178082191780822,0.9305555555555556,0.9241379310344827,72,0.881578947368421,0.9178082191780822,0.8993288590604027,73
1,1,nested_single,0.8850064437579738,0.8818181818181818,blood_pressure,15,148,0.10135135135135136,"[[60, 0, 15], [0, 61, 11], [0, 0, 73]]",1.0,0.8,0.8888888888888888,75,1.0,0.8472222222222222,0.9172932330827067,72,0.7373737373737373,1.0,0.8488372093023255,73
1,2,dummy,0.1694915254237288,0.3409090909090909,,73,148,0.49324324324324326,"[[75, 0, 0], [72, 0, 0], [73, 0, 0]]",0.3409090909090909,1.0,0.5084745762711864,75,0.0,0.0,0.0,72,0.0,0.0,0.0,73
1,2,lr_all,0.8648415337822576,0.8636363636363636,,15,148,0.10135135135135136,"[[65, 0, 10], [6, 58, 8], [5, 1, 67]]",0.8552631578947368,0.8666666666666667,0.8609271523178808,75,0.9830508474576272,0.8055555555555556,0.8854961832061069,72,0.788235294117647,0.9178082191780822,0.8481012658227848,73
1,2,rf_all,0.8585820251854407,0.8590909090909091,,11,148,0.07432432432432433,"[[67, 3, 5], [7, 56, 9], [6, 1, 66]]",0.8375,0.8933333333333333,0.864516129032258,75,0.9333333333333333,0.7777777777777778,0.8484848484848485,72,0.825,0.9041095890410958,0.8627450980392157,73
1,2,svm_all,0.8689311388875586,0.8681818181818182,,14,148,0.0945945945945946,"[[64, 1, 10], [7, 59, 6], [4, 1, 68]]",0.8533333333333334,0.8533333333333334,0.8533333333333334,75,0.9672131147540983,0.8194444444444444,0.8872180451127819,72,0.8095238095238095,0.9315068493150684,0.8662420382165605,73
1,2,lr_no_psych,0.8824523718194603,0.8818181818181818,,12,148,0.08108108108108109,"[[66, 0, 9], [6, 59, 7], [3, 1, 69]]",0.88,0.88,0.88,75,0.9833333333333333,0.8194444444444444,0.8939393939393939,72,0.8117647058823529,0.9452054794520548,0.8734177215189873,73
1,2,nested_single,0.8498110981741318,0.8454545454545455,blood_pressure,17,148,0.11486486486486487,"[[58, 0, 17], [0, 55, 17], [0, 0, 73]]",1.0,0.7733333333333333,0.8721804511278195,75,1.0,0.7638888888888888,0.8661417322834646,72,0.6822429906542056,1.0,0.8111111111111111,73
1,3,dummy,0.16837315130830488,0.3378995433789954,,74,148,0.5,"[[74, 0, 0], [71, 0, 0], [74, 0, 0]]",0.3378995433789954,1.0,0.5051194539249146,74,0.0,0.0,0.0,71,0.0,0.0,0.0,74
1,3,lr_all,0.8947785736811281,0.8949771689497716,,7,148,0.0472972972972973,"[[66, 3, 5], [5, 62, 4], [2, 4, 68]]",0.9041095890410958,0.8918918918918919,0.8979591836734694,74,0.8985507246376812,0.8732394366197183,0.8857142857142857,71,0.8831168831168831,0.918918918918919,0.9006622516556292,74
1,3,rf_all,0.8898298301778004,0.8904109589041096,,8,148,0.05405405405405406,"[[62, 6, 6], [5, 63, 3], [2, 2, 70]]",0.8985507246376812,0.8378378378378378,0.8671328671328671,74,0.8873239436619719,0.8873239436619719,0.8873239436619719,71,0.8860759493670886,0.9459459459459459,0.9150326797385621,74
1,3,svm_all,0.8812227961164131,0.8812785388127854,,9,148,0.060810810810810814,"[[62, 4, 8], [4, 63, 4], [1, 5, 68]]",0.9253731343283582,0.8378378378378378,0.8794326241134752,74,0.875,0.8873239436619719,0.8811188811188811,71,0.85,0.918918918918919,0.8831168831168831,74
1,3,lr_no_psych,0.8767304352309234,0.8767123287671232,,12,148,0.08108108108108109,"[[61, 4, 9], [4, 63, 4], [3, 3, 68]]",0.8970588235294118,0.8243243243243243,0.8591549295774648,74,0.9,0.8873239436619719,0.8936170212765957,71,0.8395061728395061,0.918918918918919,0.8774193548387097,74
1,3,nested_single,0.8843781824483118,0.8812785388127854,blood_pressure,17,148,0.11486486486486487,"[[57, 0, 17], [0, 62, 9], [0, 0, 74]]",1.0,0.7702702702702703,0.8702290076335878,74,1.0,0.8732394366197183,0.9323308270676691,71,0.74,1.0,0.8505747126436781,74
1,4,dummy,0.16837315130830488,0.3378995433789954,,74,148,0.5,"[[74, 0, 0], [71, 0, 0], [74, 0, 0]]",0.3378995433789954,1.0,0.5051194539249146,74,0.0,0.0,0.0,71,0.0,0.0,0.0,74
1,4,lr_all,0.8687818029923293,0.867579908675799,,15,148,0.10135135135135136,"[[65, 1, 8], [6, 59, 6], [7, 1, 66]]",0.8333333333333334,0.8783783783783784,0.8552631578947368,74,0.9672131147540983,0.8309859154929577,0.8939393939393939,71,0.825,0.8918918918918919,0.8571428571428571,74
1,4,rf_all,0.885701422024156,0.8858447488584474,,10,148,0.06756756756756757,"[[70, 0, 4], [6, 58, 7], [6, 2, 66]]",0.8536585365853658,0.9459459459459459,0.8974358974358975,74,0.9666666666666667,0.8169014084507042,0.8854961832061069,71,0.8571428571428571,0.8918918918918919,0.8741721854304636,74
1,4,svm_all,0.8687818029923293,0.867579908675799,,15,148,0.10135135135135136,"[[66, 1, 7], [6, 59, 6], [8, 1, 65]]",0.825,0.8918918918918919,0.8571428571428571,74,0.9672131147540983,0.8309859154929577,0.8939393939393939,71,0.8333333333333334,0.8783783783783784,0.8552631578947368,74
1,4,lr_no_psych,0.8771316628583969,0.8767123287671232,,12,148,0.08108108108108109,"[[67, 1, 6], [5, 60, 6], [6, 3, 65]]",0.8589743589743589,0.9054054054054054,0.881578947368421,74,0.9375,0.8450704225352113,0.8888888888888888,71,0.8441558441558441,0.8783783783783784,0.8609271523178808,74
1,4,nested_single,0.876610457094976,0.8767123287671232,future_career_concerns,8,148,0.05405405405405406,"[[65, 6, 3], [2, 61, 8], [5, 3, 66]]",0.9027777777777778,0.8783783783783784,0.8904109589041096,74,0.8714285714285714,0.8591549295774648,0.8652482269503546,71,0.8571428571428571,0.8918918918918919,0.8741721854304636,74
2,0,dummy,0.1694915254237288,0.3409090909090909,,73,148,0.49324324324324326,"[[75, 0, 0], [72, 0, 0], [73, 0, 0]]",0.3409090909090909,1.0,0.5084745762711864,75,0.0,0.0,0.0,72,0.0,0.0,0.0,73
2,0,lr_all,0.8682460828976888,0.8681818181818182,,10,148,0.06756756756756757,"[[64, 5, 6], [3, 63, 6], [4, 5, 64]]",0.9014084507042254,0.8533333333333334,0.8767123287671232,75,0.863013698630137,0.875,0.8689655172413793,72,0.8421052631578947,0.8767123287671232,0.8590604026845637,73
2,0,rf_all,0.8636584321005284,0.8636363636363636,,11,148,0.07432432432432433,"[[64, 5, 6], [5, 61, 6], [5, 3, 65]]",0.8648648648648649,0.8533333333333334,0.8590604026845637,75,0.8840579710144928,0.8472222222222222,0.8652482269503546,72,0.8441558441558441,0.8904109589041096,0.8666666666666667,73
2,0,svm_all,0.864019009514912,0.8636363636363636,,12,148,0.08108108108108109,"[[62, 4, 9], [2, 64, 6], [3, 6, 64]]",0.9253731343283582,0.8266666666666667,0.8732394366197183,75,0.8648648648648649,0.8888888888888888,0.8767123287671232,72,0.810126582278481,0.8767123287671232,0.8421052631578947,73
2,0,lr_no_psych,0.8685044430304342,0.8681818181818182,,12,148,0.08108108108108109,"[[64, 3, 8], [3, 63, 6], [4, 5, 64]]",0.9014084507042254,0.8533333333333334,0.8767123287671232,75,0.8873239436619719,0.875,0.8811188811188811,72,0.8205128205128205,0.8767123287671232,0.847682119205298,73
2,0,nested_single,0.8599860887461768,0.8590909090909091,future_career_concerns,10,148,0.06756756756756757,"[[63, 5, 7], [0, 62, 10], [3, 6, 64]]",0.9545454545454546,0.84,0.8936170212765957,75,0.8493150684931506,0.8611111111111112,0.8551724137931035,72,0.7901234567901234,0.8767123287671232,0.8311688311688312,73
2,1,dummy,0.1694915254237288,0.3409090909090909,,73,148,0.49324324324324326,"[[75, 0, 0], [72, 0, 0], [73, 0, 0]]",0.3409090909090909,1.0,0.5084745762711864,75,0.0,0.0,0.0,72,0.0,0.0,0.0,73
2,1,lr_all,0.8593687071609765,0.8590909090909091,,16,148,0.10810810810810811,"[[59, 4, 12], [4, 63, 5], [4, 2, 67]]",0.8805970149253731,0.7866666666666666,0.8309859154929577,75,0.9130434782608695,0.875,0.8936170212765957,72,0.7976190476190477,0.9178082191780822,0.8535031847133758,73
2,1,rf_all,0.8641675551400496,0.8636363636363636,,15,148,0.10135135135135136,"[[60, 4, 11], [3, 62, 7], [4, 1, 68]]",0.8955223880597015,0.8,0.8450704225352113,75,0.9253731343283582,0.8611111111111112,0.8920863309352518,72,0.7906976744186046,0.9315068493150684,0.8553459119496856,73
2,1,svm_all,0.8500763084657509,0.85,,16,148,0.10810810810810811,"[[58, 4, 13], [5, 62, 5], [3, 3, 67]]",0.8787878787878788,0.7733333333333333,0.8226950354609929,75,0.8985507246376812,0.8611111111111112,0.8794326241134752,72,0.788235294117647,0.9178082191780822,0.8481012658227848,73
2,1,lr_no_psych,0.8602719671461543,0.8590909090909091,,18,148,0.12162162162162163,"[[59, 3, 13], [3, 62, 7], [5, 0, 68]]",0.8805970149253731,0.7866666666666666,0.8309859154929577,75,0.9538461538461539,0.8611111111111112,0.9051094890510949,72,0.7727272727272727,0.9315068493150684,0.84472049689441,73
2,1,nested_single,0.84944234006734,0.8454545454545455,blood_pressure,22,148,0.14864864864864866,"[[53, 0, 22], [0, 60, 12], [0, 0, 73]]",1.0,0.7066666666666667,0.828125,75,1.0,0.8333333333333334,0.9090909090909091,72,0.6822429906542056,1.0,0.8111111111111111,73
2,2,dummy,0.1694915254237288,0.3409090909090909,,73,148,0.49324324324324326,"[[75, 0, 0], [72, 0, 0], [73, 0, 0]]",0.3409090909090909,1.0,0.5084745762711864,75,0.0,0.0,0.0,72,0.0,0.0,0.0,73
2,2,lr_all,0.9088122605363985,0.9090909090909091,,5,148,0.033783783783783786,"[[70, 1, 4], [4, 65, 3], [1, 7, 65]]",0.9333333333333333,0.9333333333333333,0.9333333333333333,75,0.8904109589041096,0.9027777777777778,0.896551724137931,72,0.9027777777777778,0.8904109589041096,0.896551724137931,73
2,2,rf_all,0.8908239148904483,0.8909090909090909,,8,148,0.05405405405405406,"[[68, 2, 5], [6, 63, 3], [3, 5, 65]]",0.8831168831168831,0.9066666666666666,0.8947368421052632,75,0.9,0.875,0.8873239436619719,72,0.8904109589041096,0.8904109589041096,0.8904109589041096,73
2,2,svm_all,0.8998195455338313,0.9,,5,148,0.033783783783783786,"[[69, 3, 3], [4, 65, 3], [2, 7, 64]]",0.92,0.92,0.92,75,0.8666666666666667,0.9027777777777778,0.8843537414965986,72,0.9142857142857143,0.8767123287671232,0.8951048951048951,73
2,2,lr_no_psych,0.9045722531436816,0.9045454545454545,,8,148,0.05405405405405406,"[[68, 1, 6], [5, 65, 2], [2, 5, 66]]",0.9066666666666666,0.9066666666666666,0.9066666666666666,75,0.9154929577464789,0.9027777777777778,0.9090909090909091,72,0.8918918918918919,0.9041095890410958,0.8979591836734694,73
2,2,nested_single,0.9024880772122823,0.9,blood_pressure,12,148,0.08108108108108109,"[[63, 0, 12], [0, 62, 10], [0, 0, 73]]",1.0,0.84,0.9130434782608695,75,1.0,0.8611111111111112,0.9253731343283582,72,0.7684210526315789,1.0,0.8690476190476191,73
2,3,dummy,0.16837315130830488,0.3378995433789954,,74,148,0.5,"[[74, 0, 0], [71, 0, 0], [74, 0, 0]]",0.3378995433789954,1.0,0.5051194539249146,74,0.0,0.0,0.0,71,0.0,0.0,0.0,74
2,3,lr_all,0.8999794419017323,0.8995433789954338,,11,148,0.07432432432432433,"[[73, 0, 1], [6, 62, 3], [10, 2, 62]]",0.8202247191011236,0.9864864864864865,0.8957055214723927,74,0.96875,0.8732394366197183,0.9185185185185185,71,0.9393939393939394,0.8378378378378378,0.8857142857142857,74
2,3,rf_all,0.8783143107989465,0.8767123287671232,,11,148,0.07432432432432433,"[[73, 1, 0], [12, 59, 0], [11, 3, 60]]",0.7604166666666666,0.9864864864864865,0.8588235294117647,74,0.9365079365079365,0.8309859154929577,0.8805970149253731,71,1.0,0.8108108108108109,0.8955223880597015,74
2,3,svm_all,0.8953255267337034,0.8949771689497716,,11,148,0.07432432432432433,"[[72, 0, 2], [6, 61, 4], [9, 2, 63]]",0.8275862068965517,0.972972972972973,0.8944099378881988,74,0.9682539682539683,0.8591549295774648,0.9104477611940298,71,0.9130434782608695,0.8513513513513513,0.8811188811188811,74
2,3,lr_no_psych,0.8996687575857454,0.8995433789954338,,10,148,0.06756756756756757,"[[73, 0, 1], [6, 61, 4], [9, 2, 63]]",0.8295454545454546,0.9864864864864865,0.9012345679012346,74,0.9682539682539683,0.8591549295774648,0.9104477611940298,71,0.9264705882352942,0.8513513513513513,0.8873239436619719,74
2,3,nested_single,0.8578691480733723,0.8584474885844748,anxiety_level,14,148,0.0945945945945946,"[[70, 2, 2], [4, 60, 7], [12, 4, 58]]",0.813953488372093,0.9459459459459459,0.875,74,0.9090909090909091,0.8450704225352113,0.8759124087591241,71,0.8656716417910447,0.7837837837837838,0.8226950354609929,74
2,4,dummy,0.16837315130830488,0.3378995433789954,,74,148,0.5,"[[74, 0, 0], [71, 0, 0], [74, 0, 0]]",0.3378995433789954,1.0,0.5051194539249146,74,0.0,0.0,0.0,71,0.0,0.0,0.0,74
2,4,lr_all,0.8779175878289496,0.8767123287671232,,15,148,0.10135135135135136,"[[63, 3, 8], [2, 62, 7], [7, 0, 67]]",0.875,0.8513513513513513,0.863013698630137,74,0.9538461538461539,0.8732394366197183,0.9117647058823529,71,0.8170731707317073,0.9054054054054054,0.8589743589743589,74
2,4,rf_all,0.8548681779322137,0.8538812785388128,,18,148,0.12162162162162163,"[[59, 4, 11], [4, 61, 6], [7, 0, 67]]",0.8428571428571429,0.7972972972972973,0.8194444444444444,74,0.9384615384615385,0.8591549295774648,0.8970588235294118,71,0.7976190476190477,0.9054054054054054,0.8481012658227848,74
2,4,svm_all,0.8728895370686415,0.8721461187214612,,14,148,0.0945945945945946,"[[63, 2, 9], [6, 60, 5], [5, 1, 68]]",0.8513513513513513,0.8513513513513513,0.8513513513513513,74,0.9523809523809523,0.8450704225352113,0.8955223880597015,71,0.8292682926829268,0.918918918918919,0.8717948717948718,74
2,4,lr_no_psych,0.8640241937258363,0.863013698630137,,15,148,0.10135135135135136,"[[63, 3, 8], [4, 59, 8], [7, 0, 67]]",0.8513513513513513,0.8513513513513513,0.8513513513513513,74,0.9516129032258065,0.8309859154929577,0.8872180451127819,71,0.8072289156626506,0.9054054054054054,0.8535031847133758,74
2,4,nested_single,0.8490190962265673,0.8447488584474886,blood_pressure,21,148,0.14189189189189189,"[[53, 0, 21], [0, 58, 13], [0, 0, 74]]",1.0,0.7162162162162162,0.8346456692913385,74,1.0,0.8169014084507042,0.8992248062015504,71,0.6851851851851852,1.0,0.8131868131868132,74
3,0,dummy,0.1694915254237288,0.3409090909090909,,73,148,0.49324324324324326,"[[75, 0, 0], [72, 0, 0], [73, 0, 0]]",0.3409090909090909,1.0,0.5084745762711864,75,0.0,0.0,0.0,72,0.0,0.0,0.0,73
3,0,lr_all,0.9050465734985047,0.9045454545454545,,11,148,0.07432432432432433,"[[66, 2, 7], [4, 65, 3], [4, 1, 68]]",0.8918918918918919,0.88,0.8859060402684564,75,0.9558823529411765,0.9027777777777778,0.9285714285714286,72,0.8717948717948718,0.9315068493150684,0.9006622516556292,73
3,0,rf_all,0.8963132468853293,0.8954545454545455,,13,148,0.08783783783783784,"[[65, 2, 8], [5, 64, 3], [5, 0, 68]]",0.8666666666666667,0.8666666666666667,0.8666666666666667,75,0.9696969696969697,0.8888888888888888,0.927536231884058,72,0.8607594936708861,0.9315068493150684,0.8947368421052632,73
3,0,svm_all,0.8866279395993262,0.8863636363636364,,12,148,0.08108108108108109,"[[63, 3, 9], [4, 64, 4], [3, 2, 68]]",0.9,0.84,0.8689655172413793,75,0.927536231884058,0.8888888888888888,0.9078014184397163,72,0.8395061728395061,0.9315068493150684,0.8831168831168831,73
3,0,lr_no_psych,0.904941909180195,0.9045454545454545,,10,148,0.06756756756756757,"[[66, 2, 7], [4, 63, 5], [3, 0, 70]]",0.9041095890410958,0.88,0.8918918918918919,75,0.9692307692307692,0.875,0.9197080291970803,72,0.8536585365853658,0.958904109589041,0.9032258064516129,73
3,0,nested_single,0.8937518290898449,0.8909090909090909,blood_pressure,14,148,0.0945945945945946,"[[61, 0, 14], [0, 62, 10], [0, 0, 73]]",1.0,0.8133333333333334,0.8970588235294118,75,1.0,0.8611111111111112,0.9253731343283582,72,0.7525773195876289,1.0,0.8588235294117647,73
3,1,dummy,0.1694915254237288,0.3409090909090909,,73,148,0.49324324324324326,"[[75, 0, 0], [72, 0, 0], [73, 0, 0]]",0.3409090909090909,1.0,0.5084745762711864,75,0.0,0.0,0.0,72,0.0,0.0,0.0,73
3,1,lr_all,0.8780791374597211,0.8772727272727273,,13,148,0.08783783783783784,"[[67, 2, 6], [7, 62, 3], [7, 2, 64]]",0.8271604938271605,0.8933333333333333,0.8589743589743589,75,0.9393939393939394,0.8611111111111112,0.8985507246376812,72,0.8767123287671232,0.8767123287671232,0.8767123287671232,73
3,1,rf_all,0.8599027543320492,0.8590909090909091,,15,148,0.10135135135135136,"[[65, 2, 8], [6, 60, 6], [7, 2, 64]]",0.8333333333333334,0.8666666666666667,0.8496732026143791,75,0.9375,0.8333333333333334,0.8823529411764706,72,0.8205128205128205,0.8767123287671232,0.847682119205298,73
3,1,svm_all,0.8644854086683814,0.8636363636363636,,15,148,0.10135135135135136,"[[64, 2, 9], [6, 61, 5], [6, 2, 65]]",0.8421052631578947,0.8533333333333334,0.847682119205298,75,0.9384615384615385,0.8472222222222222,0.8905109489051095,72,0.8227848101265823,0.8904109589041096,0.8552631578947368,73
3,1,lr_no_psych,0.8731892620837982,0.8727272727272727,,13,148,0.08783783783783784,"[[66, 2, 7], [5, 62, 5], [6, 3, 64]]",0.8571428571428571,0.88,0.868421052631579,75,0.9253731343283582,0.8611111111111112,0.8920863309352518,72,0.8421052631578947,0.8767123287671232,0.8590604026845637,73
3,1,nested_single,0.8418078342448091,0.8409090909090909,future_career_concerns,12,148,0.08108108108108109,"[[61, 6, 8], [0, 62, 10], [4, 7, 62]]",0.9384615384615385,0.8133333333333334,0.8714285714285714,75,0.8266666666666667,0.8611111111111112,0.8435374149659864,72,0.775,0.8493150684931506,0.8104575163398693,73
3,2,dummy,0.1694915254237288,0.3409090909090909,,73,148,0.49324324324324326,"[[75, 0, 0], [72, 0, 0], [73, 0, 0]]",0.3409090909090909,1.0,0.5084745762711864,75,0.0,0.0,0.0,72,0.0,0.0,0.0,73
3,2,lr_all,0.9089362784854412,0.9090909090909091,,7,148,0.0472972972972973,"[[70, 1, 4], [5, 62, 5], [3, 2, 68]]",0.8974358974358975,0.9333333333333333,0.9150326797385621,75,0.9538461538461539,0.8611111111111112,0.9051094890510949,72,0.8831168831168831,0.9315068493150684,0.9066666666666666,73
3,2,rf_all,0.890963055417088,0.8909090909090909,,9,148,0.060810810810810814,"[[71, 1, 3], [9, 58, 5], [6, 0, 67]]",0.8255813953488372,0.9466666666666667,0.8819875776397516,75,0.9830508474576272,0.8055555555555556,0.8854961832061069,72,0.8933333333333333,0.9178082191780822,0.9054054054054054,73
3,2,svm_all,0.9089995496790509,0.9090909090909091,,7,148,0.0472972972972973,"[[70, 0, 5], [4, 62, 6], [2, 3, 68]]",0.9210526315789473,0.9333333333333333,0.9271523178807947,75,0.9538461538461539,0.8611111111111112,0.9051094890510949,72,0.8607594936708861,0.9315068493150684,0.8947368421052632,73
3,2,lr_no_psych,0.9180343603032921,0.9181818181818182,,6,148,0.04054054054054054,"[[71, 1, 3], [2, 63, 7], [3, 2, 68]]",0.9342105263157895,0.9466666666666667,0.9403973509933775,75,0.9545454545454546,0.875,0.9130434782608695,72,0.8717948717948718,0.9315068493150684,0.9006622516556292,73
3,2,nested_single,0.8908382066276803,0.8909090909090909,future_career_concerns,4,148,0.02702702702702703,"[[66, 5, 4], [3, 62, 7], [0, 5, 68]]",0.9565217391304348,0.88,0.9166666666666666,75,0.8611111111111112,0.8611111111111112,0.8611111111111112,72,0.8607594936708861,0.9315068493150684,0.8947368421052632,73
3,3,dummy,0.16837315130830488,0.3378995433789954,,74,148,0.5,"[[74, 0, 0], [71, 0, 0], [74, 0, 0]]",0.3378995433789954,1.0,0.5051194539249146,74,0.0,0.0,0.0,71,0.0,0.0,0.0,74
3,3,lr_all,0.8955986660725125,0.8949771689497716,,12,148,0.08108108108108109,"[[67, 3, 4], [3, 64, 4], [8, 1, 65]]",0.8589743589743589,0.9054054054054054,0.881578947368421,74,0.9411764705882353,0.9014084507042254,0.920863309352518,71,0.8904109589041096,0.8783783783783784,0.8843537414965986,74
3,3,rf_all,0.9178070108795726,0.9178082191780822,,7,148,0.0472972972972973,"[[70, 2, 2], [2, 64, 5], [5, 2, 67]]",0.9090909090909091,0.9459459459459459,0.9271523178807947,74,0.9411764705882353,0.9014084507042254,0.920863309352518,71,0.9054054054054054,0.9054054054054054,0.9054054054054054,74
3,3,svm_all,0.8910411247367769,0.8904109589041096,,10,148,0.06756756756756757,"[[68, 3, 3], [7, 62, 2], [7, 2, 65]]",0.8292682926829268,0.918918918918919,0.8717948717948718,74,0.9253731343283582,0.8732394366197183,0.8985507246376812,71,0.9285714285714286,0.8783783783783784,0.9027777777777778,74
3,3,lr_no_psych,0.8686023066793102,0.867579908675799,,15,148,0.10135135135135136,"[[67, 3, 4], [6, 62, 3], [11, 2, 61]]",0.7976190476190477,0.9054054054054054,0.8481012658227848,74,0.9253731343283582,0.8732394366197183,0.8985507246376812,71,0.8970588235294118,0.8243243243243243,0.8591549295774648,74
3,3,nested_single,0.8978144013231733,0.8949771689497716,blood_pressure,13,148,0.08783783783783784,"[[61, 0, 13], [0, 61, 10], [0, 0, 74]]",1.0,0.8243243243243243,0.9037037037037037,74,1.0,0.8591549295774648,0.9242424242424242,71,0.7628865979381443,1.0,0.8654970760233918,74
3,4,dummy,0.16837315130830488,0.3378995433789954,,74,148,0.5,"[[74, 0, 0], [71, 0, 0], [74, 0, 0]]",0.3378995433789954,1.0,0.5051194539249146,74,0.0,0.0,0.0,71,0.0,0.0,0.0,74
3,4,lr_all,0.8542160351999519,0.8538812785388128,,9,148,0.060810810810810814,"[[61, 8, 5], [1, 64, 6], [4, 8, 62]]",0.9242424242424242,0.8243243243243243,0.8714285714285714,74,0.8,0.9014084507042254,0.847682119205298,71,0.8493150684931506,0.8378378378378378,0.8435374149659864,74
3,4,rf_all,0.8309801624844199,0.8310502283105022,,12,148,0.08108108108108109,"[[58, 8, 8], [4, 63, 4], [4, 9, 61]]",0.8787878787878788,0.7837837837837838,0.8285714285714286,74,0.7875,0.8873239436619719,0.8344370860927153,71,0.8356164383561644,0.8243243243243243,0.8299319727891157,74
3,4,svm_all,0.8405241291147331,0.8401826484018264,,14,148,0.0945945945945946,"[[60, 5, 9], [1, 64, 6], [5, 9, 60]]",0.9090909090909091,0.8108108108108109,0.8571428571428571,74,0.8205128205128205,0.9014084507042254,0.8590604026845637,71,0.8,0.8108108108108109,0.8053691275167785,74
3,4,lr_no_psych,0.8676862049167493,0.867579908675799,,10,148,0.06756756756756757,"[[60, 6, 8], [2, 64, 5], [2, 6, 66]]",0.9375,0.8108108108108109,0.8695652173913043,74,0.8421052631578947,0.9014084507042254,0.8707482993197279,71,0.8354430379746836,0.8918918918918919,0.8627450980392157,74
3,4,nested_single,0.8231295676947852,0.821917808219178,sleep_quality,13,148,0.08783783783783784,"[[62, 9, 3], [10, 59, 2], [10, 5, 59]]",0.7560975609756098,0.8378378378378378,0.7948717948717948,74,0.8082191780821918,0.8309859154929577,0.8194444444444444,71,0.921875,0.7972972972972973,0.855072463768116,74
4,0,dummy,0.1694915254237288,0.3409090909090909,,73,148,0.49324324324324326,"[[75, 0, 0], [72, 0, 0], [73, 0, 0]]",0.3409090909090909,1.0,0.5084745762711864,75,0.0,0.0,0.0,72,0.0,0.0,0.0,73
4,0,lr_all,0.8996022283382947,0.9,,8,148,0.05405405405405406,"[[72, 0, 3], [6, 60, 6], [5, 2, 66]]",0.8674698795180723,0.96,0.9113924050632911,75,0.967741935483871,0.8333333333333334,0.8955223880597015,72,0.88,0.9041095890410958,0.8918918918918919,73
4,0,rf_all,0.873375583332003,0.8727272727272727,,13,148,0.08783783783783784,"[[68, 0, 7], [8, 59, 5], [6, 2, 65]]",0.8292682926829268,0.9066666666666666,0.8662420382165605,75,0.9672131147540983,0.8194444444444444,0.8872180451127819,72,0.8441558441558441,0.8904109589041096,0.8666666666666667,73
4,0,svm_all,0.8913857223704422,0.8909090909090909,,11,148,0.07432432432432433,"[[69, 0, 6], [6, 60, 6], [5, 1, 67]]",0.8625,0.92,0.8903225806451613,75,0.9836065573770492,0.8333333333333334,0.9022556390977443,72,0.8481012658227848,0.9178082191780822,0.881578947368421,73
4,0,lr_no_psych,0.8903884271330612,0.8909090909090909,,8,148,0.05405405405405406,"[[71, 1, 3], [6, 60, 6], [5, 3, 65]]",0.8658536585365854,0.9466666666666667,0.9044585987261147,75,0.9375,0.8333333333333334,0.8823529411764706,72,0.8783783783783784,0.8904109589041096,0.8843537414965986,73
4,0,nested_single,0.8892026688767128,0.8863636363636364,blood_pressure,12,148,0.08108108108108109,"[[63, 0, 12], [0, 59, 13], [0, 0, 73]]",1.0,0.84,0.9130434782608695,75,1.0,0.8194444444444444,0.9007633587786259,72,0.7448979591836735,1.0,0.8538011695906432,73
4,1,dummy,0.1694915254237288,0.3409090909090909,,73,148,0.49324324324324326,"[[75, 0, 0], [72, 0, 0], [73, 0, 0]]",0.3409090909090909,1.0,0.5084745762711864,75,0.0,0.0,0.0,72,0.0,0.0,0.0,73
4,1,lr_all,0.8724495226370695,0.8727272727272727,,11,148,0.07432432432432433,"[[69, 0, 6], [7, 56, 9], [5, 1, 67]]",0.8518518518518519,0.92,0.8846153846153846,75,0.9824561403508771,0.7777777777777778,0.8682170542635659,72,0.8170731707317073,0.9178082191780822,0.864516129032258,73
4,1,rf_all,0.8590198070868263,0.8590909090909091,,12,148,0.08108108108108109,"[[67, 2, 6], [11, 55, 6], [6, 0, 67]]",0.7976190476190477,0.8933333333333333,0.8427672955974843,75,0.9649122807017544,0.7638888888888888,0.8527131782945736,72,0.8481012658227848,0.9178082191780822,0.881578947368421,73
4,1,svm_all,0.8592653508771931,0.8590909090909091,,13,148,0.08783783783783784,"[[68, 0, 7], [11, 55, 6], [6, 1, 66]]",0.8,0.9066666666666666,0.85,75,0.9821428571428571,0.7638888888888888,0.859375,72,0.8354430379746836,0.9041095890410958,0.868421052631579,73
4,1,lr_no_psych,0.8675942725486833,0.8681818181818182,,10,148,0.06756756756756757,"[[67, 1, 7], [7, 56, 9], [3, 2, 68]]",0.8701298701298701,0.8933333333333333,0.881578947368421,75,0.9491525423728814,0.7777777777777778,0.8549618320610687,72,0.8095238095238095,0.9315068493150684,0.8662420382165605,73
4,1,nested_single,0.848959870686626,0.8454545454545455,blood_pressure,14,148,0.0945945945945946,"[[61, 0, 14], [0, 52, 20], [0, 0, 73]]",1.0,0.8133333333333334,0.8970588235294118,75,1.0,0.7222222222222222,0.8387096774193549,72,0.6822429906542056,1.0,0.8111111111111111,73
4,2,dummy,0.1694915254237288,0.3409090909090909,,73,148,0.49324324324324326,"[[75, 0, 0], [72, 0, 0], [73, 0, 0]]",0.3409090909090909,1.0,0.5084745762711864,75,0.0,0.0,0.0,72,0.0,0.0,0.0,73
4,2,lr_all,0.8953437603683909,0.8954545454545455,,11,148,0.07432432432432433,"[[64, 5, 6], [1, 68, 3], [5, 3, 65]]",0.9142857142857143,0.8533333333333334,0.8827586206896552,75,0.8947368421052632,0.9444444444444444,0.918918918918919,72,0.8783783783783784,0.8904109589041096,0.8843537414965986,73
4,2,rf_all,0.9087676638012209,0.9090909090909091,,7,148,0.0472972972972973,"[[63, 7, 5], [3, 68, 1], [2, 2, 69]]",0.9264705882352942,0.84,0.8811188811188811,75,0.8831168831168831,0.9444444444444444,0.912751677852349,72,0.92,0.9452054794520548,0.9324324324324325,73
4,2,svm_all,0.8860834150723589,0.8863636363636364,,10,148,0.06756756756756757,"[[63, 5, 7], [1, 69, 2], [3, 7, 63]]",0.9402985074626866,0.84,0.8873239436619719,75,0.8518518518518519,0.9583333333333334,0.9019607843137255,72,0.875,0.863013698630137,0.8689655172413793,73
4,2,lr_no_psych,0.8816611959469102,0.8818181818181818,,15,148,0.10135135135135136,"[[61, 5, 9], [1, 68, 3], [6, 2, 65]]",0.8970588235294118,0.8133333333333334,0.8531468531468531,75,0.9066666666666666,0.9444444444444444,0.9251700680272109,72,0.8441558441558441,0.8904109589041096,0.8666666666666667,73
4,2,nested_single,0.8860512025943915,0.8863636363636364,future_career_concerns,10,148,0.06756756756756757,"[[60, 6, 9], [1, 68, 3], [1, 5, 67]]",0.967741935483871,0.8,0.8759124087591241,75,0.8607594936708861,0.9444444444444444,0.9006622516556292,72,0.8481012658227848,0.9178082191780822,0.881578947368421,73
4,3,dummy,0.16837315130830488,0.3378995433789954,,74,148,0.5,"[[74, 0, 0], [71, 0, 0], [74, 0, 0]]",0.3378995433789954,1.0,0.5051194539249146,74,0.0,0.0,0.0,71,0.0,0.0,0.0,74
4,3,lr_all,0.89144370122631,0.8904109589041096,,14,148,0.0945945945945946,"[[68, 1, 5], [5, 64, 2], [9, 2, 63]]",0.8292682926829268,0.918918918918919,0.8717948717948718,74,0.9552238805970149,0.9014084507042254,0.927536231884058,71,0.9,0.8513513513513513,0.875,74
4,3,rf_all,0.8777242634899793,0.8767123287671232,,13,148,0.08783783783783784,"[[67, 3, 4], [7, 62, 2], [9, 2, 63]]",0.8072289156626506,0.9054054054054054,0.8535031847133758,74,0.9253731343283582,0.8732394366197183,0.8985507246376812,71,0.9130434782608695,0.8513513513513513,0.8811188811188811,74
4,3,svm_all,0.8829358036234053,0.8812785388127854,,17,148,0.11486486486486487,"[[68, 0, 6], [6, 64, 1], [11, 2, 61]]",0.8,0.918918918918919,0.8553459119496856,74,0.9696969696969697,0.9014084507042254,0.9343065693430657,71,0.8970588235294118,0.8243243243243243,0.8591549295774648,74
4,3,lr_no_psych,0.8908321986245825,0.8904109589041096,,11,148,0.07432432432432433,"[[69, 2, 3], [6, 64, 1], [8, 4, 62]]",0.8313253012048193,0.9324324324324325,0.8789808917197452,74,0.9142857142857143,0.9014084507042254,0.9078014184397163,71,0.9393939393939394,0.8378378378378378,0.8857142857142857,74
4,3,nested_single,0.862150709539895,0.863013698630137,anxiety_level,14,148,0.0945945945945946,"[[68, 1, 5], [4, 64, 3], [9, 8, 57]]",0.8395061728395061,0.918918918918919,0.8774193548387097,74,0.8767123287671232,0.9014084507042254,0.8888888888888888,71,0.8769230769230769,0.7702702702702703,0.8201438848920863,74
4,4,dummy,0.16837315130830488,0.3378995433789954,,74,148,0.5,"[[74, 0, 0], [71, 0, 0], [74, 0, 0]]",0.3378995433789954,1.0,0.5051194539249146,74,0.0,0.0,0.0,71,0.0,0.0,0.0,74
4,4,lr_all,0.8814093314093313,0.8812785388127854,,12,148,0.08108108108108109,"[[62, 4, 8], [4, 63, 4], [4, 2, 68]]",0.8857142857142857,0.8378378378378378,0.8611111111111112,74,0.9130434782608695,0.8873239436619719,0.9,71,0.85,0.918918918918919,0.8831168831168831,74
4,4,rf_all,0.8586310462374795,0.8584474885844748,,13,148,0.08783783783783784,"[[62, 4, 8], [6, 61, 4], [5, 4, 65]]",0.8493150684931506,0.8378378378378378,0.8435374149659864,74,0.8840579710144928,0.8591549295774648,0.8714285714285714,71,0.8441558441558441,0.8783783783783784,0.8609271523178808,74
4,4,svm_all,0.8770579961942583,0.8767123287671232,,15,148,0.10135135135135136,"[[60, 2, 12], [7, 62, 2], [3, 1, 70]]",0.8571428571428571,0.8108108108108109,0.8333333333333334,74,0.9538461538461539,0.8732394366197183,0.9117647058823529,71,0.8333333333333334,0.9459459459459459,0.8860759493670886,74
4,4,lr_no_psych,0.8867528726163115,0.8858447488584474,,14,148,0.0945945945945946,"[[62, 2, 10], [3, 63, 5], [4, 1, 69]]",0.8985507246376812,0.8378378378378378,0.8671328671328671,74,0.9545454545454546,0.8873239436619719,0.9197080291970803,71,0.8214285714285714,0.9324324324324325,0.8734177215189873,74
4,4,nested_single,0.8757228776312745,0.8721461187214612,blood_pressure,17,148,0.11486486486486487,"[[57, 0, 17], [0, 60, 11], [0, 0, 74]]",1.0,0.7702702702702703,0.8702290076335878,74,1.0,0.8450704225352113,0.916030534351145,71,0.7254901960784313,1.0,0.8409090909090909,74
5,0,dummy,0.1694915254237288,0.3409090909090909,,73,148,0.49324324324324326,"[[75, 0, 0], [72, 0, 0], [73, 0, 0]]",0.3409090909090909,1.0,0.5084745762711864,75,0.0,0.0,0.0,72,0.0,0.0,0.0,73
5,0,lr_all,0.8861975699704662,0.8863636363636364,,10,148,0.06756756756756757,"[[71, 2, 2], [5, 61, 6], [8, 2, 63]]",0.8452380952380952,0.9466666666666667,0.8930817610062893,75,0.9384615384615385,0.8472222222222222,0.8905109489051095,72,0.8873239436619719,0.863013698630137,0.875,73
5,0,rf_all,0.8642262171673937,0.8636363636363636,,14,148,0.0945945945945946,"[[67, 1, 7], [7, 60, 5], [7, 3, 63]]",0.8271604938271605,0.8933333333333333,0.8589743589743589,75,0.9375,0.8333333333333334,0.8823529411764706,72,0.84,0.863013698630137,0.8513513513513513,73
5,0,svm_all,0.8636732649159913,0.8636363636363636,,12,148,0.08108108108108109,"[[67, 4, 4], [3, 60, 9], [8, 2, 63]]",0.8589743589743589,0.8933333333333333,0.8758169934640523,75,0.9090909090909091,0.8333333333333334,0.8695652173913043,72,0.8289473684210527,0.863013698630137,0.8456375838926175,73
5,0,lr_no_psych,0.8506243941017398,0.85,,14,148,0.0945945945945946,"[[67, 4, 4], [8, 60, 4], [10, 3, 60]]",0.788235294117647,0.8933333333333333,0.8375,75,0.8955223880597015,0.8333333333333334,0.8633093525179856,72,0.8823529411764706,0.821917808219178,0.851063829787234,73
5,0,nested_single,0.8630861598257121,0.8590909090909091,blood_pressure,18,148,0.12162162162162163,"[[57, 0, 18], [0, 59, 13], [0, 0, 73]]",1.0,0.76,0.8636363636363636,75,1.0,0.8194444444444444,0.9007633587786259,72,0.7019230769230769,1.0,0.8248587570621468,73
5,1,dummy,0.1694915254237288,0.3409090909090909,,73,148,0.49324324324324326,"[[75, 0, 0], [72, 0, 0], [73, 0, 0]]",0.3409090909090909,1.0,0.5084745762711864,75,0.0,0.0,0.0,72,0.0,0.0,0.0,73
5,1,lr_all,0.8781081965234568,0.8772727272727273,,12,148,0.08108108108108109,"[[65, 1, 9], [2, 63, 7], [3, 5, 65]]",0.9285714285714286,0.8666666666666667,0.896551724137931,75,0.9130434782608695,0.875,0.8936170212765957,72,0.8024691358024691,0.8904109589041096,0.8441558441558441,73
5,1,rf_all,0.8686818424464272,0.8681818181818182,,11,148,0.07432432432432433,"[[62, 4, 9], [2, 63, 7], [2, 5, 66]]",0.9393939393939394,0.8266666666666667,0.8794326241134752,75,0.875,0.875,0.875,72,0.8048780487804879,0.9041095890410958,0.8516129032258064,73
5,1,svm_all,0.8827677368514705,0.8818181818181818,,10,148,0.06756756756756757,"[[64, 3, 8], [0, 64, 8], [2, 5, 66]]",0.9696969696969697,0.8533333333333334,0.9078014184397163,75,0.8888888888888888,0.8888888888888888,0.8888888888888888,72,0.8048780487804879,0.9041095890410958,0.8516129032258064,73
5,1,lr_no_psych,0.8870349020018865,0.8863636363636364,,10,148,0.06756756756756757,"[[66, 1, 8], [2, 63, 7], [2, 5, 66]]",0.9428571428571428,0.88,0.9103448275862069,75,0.9130434782608695,0.875,0.8936170212765957,72,0.8148148148148148,0.9041095890410958,0.8571428571428571,73
5,1,nested_single,0.8893844087342538,0.8863636363636364,blood_pressure,14,148,0.0945945945945946,"[[61, 0, 14], [0, 61, 11], [0, 0, 73]]",1.0,0.8133333333333334,0.8970588235294118,75,1.0,0.8472222222222222,0.9172932330827067,72,0.7448979591836735,1.0,0.8538011695906432,73
5,2,dummy,0.1694915254237288,0.3409090909090909,,73,148,0.49324324324324326,"[[75, 0, 0], [72, 0, 0], [73, 0, 0]]",0.3409090909090909,1.0,0.5084745762711864,75,0.0,0.0,0.0,72,0.0,0.0,0.0,73
5,2,lr_all,0.8730951097960316,0.8727272727272727,,12,148,0.08108108108108109,"[[67, 2, 6], [7, 59, 6], [6, 1, 66]]",0.8375,0.8933333333333333,0.864516129032258,75,0.9516129032258065,0.8194444444444444,0.8805970149253731,72,0.8461538461538461,0.9041095890410958,0.8741721854304636,73
5,2,rf_all,0.8543434980521073,0.8545454545454545,,11,148,0.07432432432432433,"[[64, 4, 7], [11, 57, 4], [4, 2, 67]]",0.810126582278481,0.8533333333333334,0.8311688311688312,75,0.9047619047619048,0.7916666666666666,0.8444444444444444,72,0.8589743589743589,0.9178082191780822,0.8874172185430463,73
5,2,svm_all,0.8823529411764707,0.8818181818181818,,12,148,0.08108108108108109,"[[66, 1, 8], [7, 61, 4], [4, 2, 67]]",0.8571428571428571,0.88,0.868421052631579,75,0.953125,0.8472222222222222,0.8970588235294118,72,0.8481012658227848,0.9178082191780822,0.881578947368421,73
5,2,lr_no_psych,0.8868976503385105,0.8863636363636364,,12,148,0.08108108108108109,"[[65, 1, 9], [7, 61, 4], [3, 1, 69]]",0.8666666666666667,0.8666666666666667,0.8666666666666667,75,0.9682539682539683,0.8472222222222222,0.9037037037037037,72,0.8414634146341463,0.9452054794520548,0.8903225806451613,73
5,2,nested_single,0.8629158819836785,0.8590909090909091,blood_pressure,15,148,0.10135135135135136,"[[60, 0, 15], [0, 56, 16], [0, 0, 73]]",1.0,0.8,0.8888888888888888,75,1.0,0.7777777777777778,0.875,72,0.7019230769230769,1.0,0.8248587570621468,73
5,3,dummy,0.16837315130830488,0.3378995433789954,,74,148,0.5,"[[74, 0, 0], [71, 0, 0], [74, 0, 0]]",0.3378995433789954,1.0,0.5051194539249146,74,0.0,0.0,0.0,71,0.0,0.0,0.0,74
5,3,lr_all,0.90415338136962,0.9041095890410958,,8,148,0.05405405405405406,"[[69, 4, 1], [3, 65, 3], [7, 3, 64]]",0.8734177215189873,0.9324324324324325,0.9019607843137255,74,0.9027777777777778,0.9154929577464789,0.9090909090909091,71,0.9411764705882353,0.8648648648648649,0.9014084507042254,74
5,3,rf_all,0.9041204447628083,0.9041095890410958,,9,148,0.060810810810810814,"[[71, 2, 1], [4, 64, 3], [8, 3, 63]]",0.8554216867469879,0.9594594594594594,0.9044585987261147,74,0.927536231884058,0.9014084507042254,0.9142857142857143,71,0.9402985074626866,0.8513513513513513,0.8936170212765957,74
5,3,svm_all,0.8960467631268921,0.8949771689497716,,14,148,0.0945945945945946,"[[67, 3, 4], [3, 65, 3], [10, 0, 64]]",0.8375,0.9054054054054054,0.8701298701298701,74,0.9558823529411765,0.9154929577464789,0.935251798561151,71,0.9014084507042254,0.8648648648648649,0.8827586206896552,74
5,3,lr_no_psych,0.909027979007695,0.908675799086758,,10,148,0.06756756756756757,"[[69, 2, 3], [3, 65, 3], [7, 2, 65]]",0.8734177215189873,0.9324324324324325,0.9019607843137255,74,0.9420289855072463,0.9154929577464789,0.9285714285714286,71,0.9154929577464789,0.8783783783783784,0.896551724137931,74
5,3,nested_single,0.8959642508029604,0.8949771689497716,sleep_quality,10,148,0.06756756756756757,"[[67, 5, 2], [6, 65, 0], [8, 2, 64]]",0.8271604938271605,0.9054054054054054,0.864516129032258,74,0.9027777777777778,0.9154929577464789,0.9090909090909091,71,0.9696969696969697,0.8648648648648649,0.9142857142857143,74
5,4,dummy,0.16837315130830488,0.3378995433789954,,74,148,0.5,"[[74, 0, 0], [71, 0, 0], [74, 0, 0]]",0.3378995433789954,1.0,0.5051194539249146,74,0.0,0.0,0.0,71,0.0,0.0,0.0,74
5,4,lr_all,0.8991492120988523,0.8995433789954338,,7,148,0.0472972972972973,"[[64, 4, 6], [4, 62, 5], [1, 2, 71]]",0.927536231884058,0.8648648648648649,0.8951048951048951,74,0.9117647058823529,0.8732394366197183,0.8920863309352518,71,0.8658536585365854,0.9594594594594594,0.9102564102564102,74
5,4,rf_all,0.8771297061182359,0.8767123287671232,,12,148,0.08108108108108109,"[[64, 2, 8], [5, 61, 5], [4, 3, 67]]",0.8767123287671232,0.8648648648648649,0.8707482993197279,74,0.9242424242424242,0.8591549295774648,0.8905109489051095,71,0.8375,0.9054054054054054,0.8701298701298701,74
5,4,svm_all,0.8812244518766258,0.8812785388127854,,8,148,0.05405405405405406,"[[61, 5, 8], [3, 63, 5], [0, 5, 69]]",0.953125,0.8243243243243243,0.8840579710144928,74,0.863013698630137,0.8873239436619719,0.875,71,0.8414634146341463,0.9324324324324325,0.8846153846153846,74
5,4,lr_no_psych,0.8948293720456107,0.8949771689497716,,9,148,0.060810810810810814,"[[63, 5, 6], [3, 64, 4], [3, 2, 69]]",0.9130434782608695,0.8513513513513513,0.8811188811188811,74,0.9014084507042254,0.9014084507042254,0.9014084507042254,71,0.8734177215189873,0.9324324324324325,0.9019607843137255,74
5,4,nested_single,0.8712423959933341,0.867579908675799,blood_pressure,18,148,0.12162162162162163,"[[56, 0, 18], [0, 60, 11], [0, 0, 74]]",1.0,0.7567567567567568,0.8615384615384616,74,1.0,0.8450704225352113,0.916030534351145,71,0.7184466019417476,1.0,0.8361581920903954,74
6,0,dummy,0.1694915254237288,0.3409090909090909,,73,148,0.49324324324324326,"[[75, 0, 0], [72, 0, 0], [73, 0, 0]]",0.3409090909090909,1.0,0.5084745762711864,75,0.0,0.0,0.0,72,0.0,0.0,0.0,73
6,0,lr_all,0.8822477646810586,0.8818181818181818,,17,148,0.11486486486486487,"[[59, 3, 13], [1, 67, 4], [4, 1, 68]]",0.921875,0.7866666666666666,0.8489208633093526,75,0.9436619718309859,0.9305555555555556,0.9370629370629371,72,0.8,0.9315068493150684,0.8607594936708861,73
6,0,rf_all,0.908769814577437,0.9090909090909091,,9,148,0.060810810810810814,"[[63, 5, 7], [3, 67, 2], [2, 1, 70]]",0.9264705882352942,0.84,0.8811188811188811,75,0.9178082191780822,0.9305555555555556,0.9241379310344827,72,0.8860759493670886,0.958904109589041,0.9210526315789473,73
6,0,svm_all,0.8865979841568604,0.8863636363636364,,15,148,0.10135135135135136,"[[59, 4, 12], [0, 67, 5], [3, 1, 69]]",0.9516129032258065,0.7866666666666666,0.8613138686131386,75,0.9305555555555556,0.9305555555555556,0.9305555555555556,72,0.8023255813953488,0.9452054794520548,0.8679245283018868,73
6,0,lr_no_psych,0.8867023154300339,0.8863636363636364,,15,148,0.10135135135135136,"[[60, 3, 12], [1, 67, 4], [3, 2, 68]]",0.9375,0.8,0.8633093525179856,75,0.9305555555555556,0.9305555555555556,0.9305555555555556,72,0.8095238095238095,0.9315068493150684,0.8662420382165605,73
6,0,nested_single,0.8539372752781563,0.8545454545454545,future_career_concerns,11,148,0.07432432432432433,"[[57, 11, 7], [0, 67, 5], [4, 5, 64]]",0.9344262295081968,0.76,0.8382352941176471,75,0.8072289156626506,0.9305555555555556,0.864516129032258,72,0.8421052631578947,0.8767123287671232,0.8590604026845637,73
6,1,dummy,0.1694915254237288,0.3409090909090909,,73,148,0.49324324324324326,"[[75, 0, 0], [72, 0, 0], [73, 0, 0]]",0.3409090909090909,1.0,0.5084745762711864,75,0.0,0.0,0.0,72,0.0,0.0,0.0,73
6,1,lr_all,0.8693912626607778,0.8681818181818182,,15,148,0.10135135135135136,"[[67, 3, 5], [6, 61, 5], [10, 0, 63]]",0.8072289156626506,0.8933333333333333,0.8481012658227848,75,0.953125,0.8472222222222222,0.8970588235294118,72,0.863013698630137,0.863013698630137,0.863013698630137,73
6,1,rf_all,0.8735313796333468,0.8727272727272727,,14,148,0.0945945945945946,"[[68, 4, 3], [5, 63, 4], [11, 1, 61]]",0.8095238095238095,0.9066666666666666,0.8553459119496856,75,0.9264705882352942,0.875,0.9,72,0.8970588235294118,0.8356164383561644,0.8652482269503546,73
6,1,svm_all,0.8689862994498756,0.8681818181818182,,14,148,0.0945945945945946,"[[66, 2, 7], [6, 60, 6], [7, 1, 65]]",0.8354430379746836,0.88,0.8571428571428571,75,0.9523809523809523,0.8333333333333334,0.8888888888888888,72,0.8333333333333334,0.8904109589041096,0.8609271523178808,73
6,1,lr_no_psych,0.8559532687049466,0.8545454545454545,,17,148,0.11486486486486487,"[[65, 3, 7], [6, 60, 6], [10, 0, 63]]",0.8024691358024691,0.8666666666666667,0.8333333333333334,75,0.9523809523809523,0.8333333333333334,0.8888888888888888,72,0.8289473684210527,0.863013698630137,0.8456375838926175,73
6,1,nested_single,0.880584272715396,0.8772727272727273,blood_pressure,14,148,0.0945945945945946,"[[61, 0, 14], [0, 59, 13], [0, 0, 73]]",1.0,0.8133333333333334,0.8970588235294118,75,1.0,0.8194444444444444,0.9007633587786259,72,0.73,1.0,0.8439306358381503,73
6,2,dummy,0.1694915254237288,0.3409090909090909,,73,148,0.49324324324324326,"[[75, 0, 0], [72, 0, 0], [73, 0, 0]]",0.3409090909090909,1.0,0.5084745762711864,75,0.0,0.0,0.0,72,0.0,0.0,0.0,73
6,2,lr_all,0.8860004535746079,0.8863636363636364,,11,148,0.07432432432432433,"[[68, 1, 6], [4, 66, 2], [5, 7, 61]]",0.8831168831168831,0.9066666666666666,0.8947368421052632,75,0.8918918918918919,0.9166666666666666,0.9041095890410958,72,0.8840579710144928,0.8356164383561644,0.8591549295774648,73
6,2,rf_all,0.8866130694702123,0.8863636363636364,,12,148,0.08108108108108109,"[[66, 2, 7], [4, 65, 3], [5, 4, 64]]",0.88,0.88,0.88,75,0.9154929577464789,0.9027777777777778,0.9090909090909091,72,0.8648648648648649,0.8767123287671232,0.8707482993197279,73
6,2,svm_all,0.8683205783931737,0.8681818181818182,,14,148,0.0945945945945946,"[[65, 4, 6], [4, 65, 3], [8, 4, 61]]",0.8441558441558441,0.8666666666666667,0.8552631578947368,75,0.8904109589041096,0.9027777777777778,0.896551724137931,72,0.8714285714285714,0.8356164383561644,0.8531468531468531,73
6,2,lr_no_psych,0.8723321728840845,0.8727272727272727,,11,148,0.07432432432432433,"[[67, 4, 4], [3, 65, 4], [7, 6, 60]]",0.8701298701298701,0.8933333333333333,0.881578947368421,75,0.8666666666666667,0.9027777777777778,0.8843537414965986,72,0.8823529411764706,0.821917808219178,0.851063829787234,73
6,2,nested_single,0.8806069612820767,0.8772727272727273,blood_pressure,16,148,0.10810810810810811,"[[59, 0, 16], [0, 61, 11], [0, 0, 73]]",1.0,0.7866666666666666,0.8805970149253731,75,1.0,0.8472222222222222,0.9172932330827067,72,0.73,1.0,0.8439306358381503,73
6,3,dummy,0.16837315130830488,0.3378995433789954,,74,148,0.5,"[[74, 0, 0], [71, 0, 0], [74, 0, 0]]",0.3378995433789954,1.0,0.5051194539249146,74,0.0,0.0,0.0,71,0.0,0.0,0.0,74
6,3,lr_all,0.8991870138898294,0.8995433789954338,,7,148,0.0472972972972973,"[[70, 1, 3], [6, 61, 4], [4, 4, 66]]",0.875,0.9459459459459459,0.9090909090909091,74,0.9242424242424242,0.8591549295774648,0.8905109489051095,71,0.9041095890410958,0.8918918918918919,0.8979591836734694,74
6,3,rf_all,0.885074303175081,0.8858447488584474,,9,148,0.060810810810810814,"[[72, 0, 2], [6, 59, 6], [7, 4, 63]]",0.8470588235294118,0.972972972972973,0.9056603773584906,74,0.9365079365079365,0.8309859154929577,0.8805970149253731,71,0.8873239436619719,0.8513513513513513,0.8689655172413793,74
6,3,svm_all,0.8946518664975391,0.8949771689497716,,8,148,0.05405405405405406,"[[70, 1, 3], [5, 61, 5], [5, 4, 65]]",0.875,0.9459459459459459,0.9090909090909091,74,0.9242424242424242,0.8591549295774648,0.8905109489051095,71,0.8904109589041096,0.8783783783783784,0.8843537414965986,74
6,3,lr_no_psych,0.8944432091007236,0.8949771689497716,,6,148,0.04054054054054054,"[[69, 1, 4], [5, 60, 6], [2, 5, 67]]",0.9078947368421053,0.9324324324324325,0.92,74,0.9090909090909091,0.8450704225352113,0.8759124087591241,71,0.8701298701298701,0.9054054054054054,0.8874172185430463,74
6,3,nested_single,0.9016882800189396,0.8995433789954338,blood_pressure,9,148,0.060810810810810814,"[[65, 0, 9], [0, 58, 13], [0, 0, 74]]",1.0,0.8783783783783784,0.935251798561151,74,1.0,0.8169014084507042,0.8992248062015504,71,0.7708333333333334,1.0,0.8705882352941177,74
6,4,dummy,0.16837315130830488,0.3378995433789954,,74,148,0.5,"[[74, 0, 0], [71, 0, 0], [74, 0, 0]]",0.3378995433789954,1.0,0.5051194539249146,74,0.0,0.0,0.0,71,0.0,0.0,0.0,74
6,4,lr_all,0.8954615142784546,0.8949771689497716,,9,148,0.060810810810810814,"[[66, 2, 6], [2, 61, 8], [3, 2, 69]]",0.9295774647887324,0.8918918918918919,0.9103448275862069,74,0.9384615384615385,0.8591549295774648,0.8970588235294118,71,0.8313253012048193,0.9324324324324325,0.8789808917197452,74
6,4,rf_all,0.894807462549398,0.8949771689497716,,9,148,0.060810810810810814,"[[68, 0, 6], [8, 58, 5], [3, 1, 70]]",0.8607594936708861,0.918918918918919,0.8888888888888888,74,0.9830508474576272,0.8169014084507042,0.8923076923076924,71,0.8641975308641975,0.9459459459459459,0.9032258064516129,74
6,4,svm_all,0.8768656716417911,0.8767123287671232,,11,148,0.07432432432432433,"[[63, 3, 8], [4, 59, 8], [3, 1, 70]]",0.9,0.8513513513513513,0.875,74,0.9365079365079365,0.8309859154929577,0.8805970149253731,71,0.813953488372093,0.9459459459459459,0.875,74
6,4,lr_no_psych,0.9086499184328055,0.908675799086758,,8,148,0.05405405405405406,"[[66, 2, 6], [4, 61, 6], [2, 0, 72]]",0.9166666666666666,0.8918918918918919,0.9041095890410958,74,0.9682539682539683,0.8591549295774648,0.9104477611940298,71,0.8571428571428571,0.972972972972973,0.9113924050632911,74
6,4,nested_single,0.8756854929895974,0.8721461187214612,blood_pressure,14,148,0.0945945945945946,"[[60, 0, 14], [0, 57, 14], [0, 0, 74]]",1.0,0.8108108108108109,0.8955223880597015,74,1.0,0.8028169014084507,0.890625,71,0.7254901960784313,1.0,0.8409090909090909,74
7,0,dummy,0.1694915254237288,0.3409090909090909,,73,148,0.49324324324324326,"[[75, 0, 0], [72, 0, 0], [73, 0, 0]]",0.3409090909090909,1.0,0.5084745762711864,75,0.0,0.0,0.0,72,0.0,0.0,0.0,73
7,0,lr_all,0.8367687305833575,0.8363636363636363,,16,148,0.10810810810810811,"[[61, 4, 10], [9, 57, 6], [6, 1, 66]]",0.8026315789473685,0.8133333333333334,0.8079470198675497,75,0.9193548387096774,0.7916666666666666,0.8507462686567164,72,0.8048780487804879,0.9041095890410958,0.8516129032258064,73
7,0,rf_all,0.849790631999221,0.85,,14,148,0.0945945945945946,"[[60, 3, 12], [7, 57, 8], [2, 1, 70]]",0.8695652173913043,0.8,0.8333333333333334,75,0.9344262295081968,0.7916666666666666,0.8571428571428571,72,0.7777777777777778,0.958904109589041,0.8588957055214724,73
7,0,svm_all,0.8416319726838356,0.8409090909090909,,18,148,0.12162162162162163,"[[59, 4, 12], [6, 60, 6], [6, 1, 66]]",0.8309859154929577,0.7866666666666666,0.8082191780821918,75,0.9230769230769231,0.8333333333333334,0.8759124087591241,72,0.7857142857142857,0.9041095890410958,0.8407643312101911,73
7,0,lr_no_psych,0.8317940314812057,0.8318181818181818,,14,148,0.0945945945945946,"[[61, 4, 10], [7, 57, 8], [4, 4, 65]]",0.8472222222222222,0.8133333333333334,0.8299319727891157,75,0.8769230769230769,0.7916666666666666,0.8321167883211679,72,0.7831325301204819,0.8904109589041096,0.8333333333333334,73
7,0,nested_single,0.8366396322847329,0.8318181818181818,blood_pressure,19,148,0.12837837837837837,"[[56, 0, 19], [0, 54, 18], [0, 0, 73]]",1.0,0.7466666666666667,0.8549618320610687,75,1.0,0.75,0.8571428571428571,72,0.6636363636363637,1.0,0.7978142076502732,73
7,1,dummy,0.1694915254237288,0.3409090909090909,,73,148,0.49324324324324326,"[[75, 0, 0], [72, 0, 0], [73, 0, 0]]",0.3409090909090909,1.0,0.5084745762711864,75,0.0,0.0,0.0,72,0.0,0.0,0.0,73
7,1,lr_all,0.8999147555408898,0.9,,9,148,0.060810810810810814,"[[69, 2, 4], [3, 65, 4], [5, 4, 64]]",0.8961038961038961,0.92,0.9078947368421053,75,0.9154929577464789,0.9027777777777778,0.9090909090909091,72,0.8888888888888888,0.8767123287671232,0.8827586206896552,73
7,1,rf_all,0.8958628517452046,0.8954545454545455,,11,148,0.07432432432432433,"[[67, 4, 4], [4, 66, 2], [7, 2, 64]]",0.8589743589743589,0.8933333333333333,0.8758169934640523,75,0.9166666666666666,0.9166666666666666,0.9166666666666666,72,0.9142857142857143,0.8767123287671232,0.8951048951048951,73
7,1,svm_all,0.8908643039884856,0.8909090909090909,,9,148,0.060810810810810814,"[[67, 3, 5], [3, 65, 4], [4, 5, 64]]",0.9054054054054054,0.8933333333333333,0.8993288590604027,75,0.8904109589041096,0.9027777777777778,0.896551724137931,72,0.8767123287671232,0.8767123287671232,0.8767123287671232,73
7,1,lr_no_psych,0.9000842662814494,0.9,,10,148,0.06756756756756757,"[[70, 2, 3], [4, 65, 3], [7, 3, 63]]",0.8641975308641975,0.9333333333333333,0.8974358974358975,75,0.9285714285714286,0.9027777777777778,0.9154929577464789,72,0.9130434782608695,0.863013698630137,0.8873239436619719,73
7,1,nested_single,0.8773752575370227,0.8772727272727273,future_career_concerns,12,148,0.08108108108108109,"[[62, 4, 9], [2, 66, 4], [3, 5, 65]]",0.9253731343283582,0.8266666666666667,0.8732394366197183,75,0.88,0.9166666666666666,0.8979591836734694,72,0.8333333333333334,0.8904109589041096,0.8609271523178808,73
7,2,dummy,0.1694915254237288,0.3409090909090909,,73,148,0.49324324324324326,"[[75, 0, 0], [72, 0, 0], [73, 0, 0]]",0.3409090909090909,1.0,0.5084745762711864,75,0.0,0.0,0.0,72,0.0,0.0,0.0,73
7,2,lr_all,0.9093577655221491,0.9090909090909091,,10,148,0.06756756756756757,"[[70, 1, 4], [3, 65, 4], [6, 2, 65]]",0.8860759493670886,0.9333333333333333,0.9090909090909091,75,0.9558823529411765,0.9027777777777778,0.9285714285714286,72,0.8904109589041096,0.8904109589041096,0.8904109589041096,73
7,2,rf_all,0.9089286526763315,0.9090909090909091,,6,148,0.04054054054054054,"[[70, 3, 2], [4, 64, 4], [4, 3, 66]]",0.8974358974358975,0.9333333333333333,0.9150326797385621,75,0.9142857142857143,0.8888888888888888,0.9014084507042254,72,0.9166666666666666,0.9041095890410958,0.9103448275862069,73
7,2,svm_all,0.8867402577594753,0.8863636363636364,,12,148,0.08108108108108109,"[[68, 2, 5], [5, 64, 3], [7, 3, 63]]",0.85,0.9066666666666666,0.8774193548387097,75,0.927536231884058,0.8888888888888888,0.9078014184397163,72,0.8873239436619719,0.863013698630137,0.875,73
7,2,lr_no_psych,0.891890089369081,0.8909090909090909,,14,148,0.0945945945945946,"[[66, 2, 7], [5, 65, 2], [7, 1, 65]]",0.8461538461538461,0.88,0.8627450980392157,75,0.9558823529411765,0.9027777777777778,0.9285714285714286,72,0.8783783783783784,0.8904109589041096,0.8843537414965986,73
7,2,nested_single,0.893742083848522,0.8909090909090909,blood_pressure,13,148,0.08783783783783784,"[[62, 0, 13], [0, 61, 11], [0, 0, 73]]",1.0,0.8266666666666667,0.9051094890510949,75,1.0,0.8472222222222222,0.9172932330827067,72,0.7525773195876289,1.0,0.8588235294117647,73
7,3,dummy,0.16837315130830488,0.3378995433789954,,74,148,0.5,"[[74, 0, 0], [71, 0, 0], [74, 0, 0]]",0.3378995433789954,1.0,0.5051194539249146,74,0.0,0.0,0.0,71,0.0,0.0,0.0,74
7,3,lr_all,0.8955363966116655,0.8949771689497716,,12,148,0.08108108108108109,"[[70, 0, 4], [3, 62, 6], [8, 2, 64]]",0.8641975308641975,0.9459459459459459,0.9032258064516129,74,0.96875,0.8732394366197183,0.9185185185185185,71,0.8648648648648649,0.8648648648648649,0.8648648648648649,74
7,3,rf_all,0.8735901622559559,0.8721461187214612,,15,148,0.10135135135135136,"[[67, 1, 6], [8, 61, 2], [9, 2, 63]]",0.7976190476190477,0.9054054054054054,0.8481012658227848,74,0.953125,0.8591549295774648,0.9037037037037037,71,0.8873239436619719,0.8513513513513513,0.8689655172413793,74
7,3,svm_all,0.8783218822919366,0.8767123287671232,,16,148,0.10810810810810811,"[[69, 0, 5], [6, 61, 4], [11, 1, 62]]",0.8023255813953488,0.9324324324324325,0.8625,74,0.9838709677419355,0.8591549295774648,0.9172932330827067,71,0.8732394366197183,0.8378378378378378,0.8551724137931035,74
7,3,lr_no_psych,0.8998462234283129,0.8995433789954338,,10,148,0.06756756756756757,"[[70, 0, 4], [4, 61, 6], [6, 2, 66]]",0.875,0.9459459459459459,0.9090909090909091,74,0.9682539682539683,0.8591549295774648,0.9104477611940298,71,0.868421052631579,0.8918918918918919,0.88,74
7,3,nested_single,0.9150384073728225,0.91324200913242,blood_pressure,8,148,0.05405405405405406,"[[66, 0, 8], [0, 60, 11], [0, 0, 74]]",1.0,0.8918918918918919,0.9428571428571428,74,1.0,0.8450704225352113,0.916030534351145,71,0.7956989247311828,1.0,0.8862275449101796,74
7,4,dummy,0.16837315130830488,0.3378995433789954,,74,148,0.5,"[[74, 0, 0], [71, 0, 0], [74, 0, 0]]",0.3378995433789954,1.0,0.5051194539249146,74,0.0,0.0,0.0,71,0.0,0.0,0.0,74
7,4,lr_all,0.858496815920462,0.8584474885844748,,9,148,0.060810810810810814,"[[61, 7, 6], [3, 62, 6], [3, 6, 65]]",0.9104477611940298,0.8243243243243243,0.8652482269503546,74,0.8266666666666667,0.8732394366197183,0.8493150684931506,71,0.8441558441558441,0.8783783783783784,0.8609271523178808,74
7,4,rf_all,0.8446348214368098,0.8447488584474886,,12,148,0.08108108108108109,"[[60, 8, 6], [3, 60, 8], [6, 3, 65]]",0.8695652173913043,0.8108108108108109,0.8391608391608392,74,0.8450704225352113,0.8450704225352113,0.8450704225352113,71,0.8227848101265823,0.8783783783783784,0.8496732026143791,74
7,4,svm_all,0.8443011030818393,0.8447488584474886,,13,148,0.08783783783783784,"[[56, 7, 11], [3, 62, 6], [2, 5, 67]]",0.9180327868852459,0.7567567567567568,0.8296296296296296,74,0.8378378378378378,0.8732394366197183,0.8551724137931035,71,0.7976190476190477,0.9054054054054054,0.8481012658227848,74
7,4,lr_no_psych,0.8673084559494296,0.867579908675799,,10,148,0.06756756756756757,"[[60, 7, 7], [3, 63, 5], [3, 4, 67]]",0.9090909090909091,0.8108108108108109,0.8571428571428571,74,0.8513513513513513,0.8873239436619719,0.8689655172413793,71,0.8481012658227848,0.9054054054054054,0.8758169934640523,74
7,4,nested_single,0.8578881766381766,0.8538812785388128,blood_pressure,20,148,0.13513513513513514,"[[54, 0, 20], [0, 59, 12], [0, 0, 74]]",1.0,0.7297297297297297,0.84375,74,1.0,0.8309859154929577,0.9076923076923077,71,0.6981132075471698,1.0,0.8222222222222222,74
8,0,dummy,0.1694915254237288,0.3409090909090909,,73,148,0.49324324324324326,"[[75, 0, 0], [72, 0, 0], [73, 0, 0]]",0.3409090909090909,1.0,0.5084745762711864,75,0.0,0.0,0.0,72,0.0,0.0,0.0,73
8,0,lr_all,0.8589975891384342,0.8590909090909091,,11,148,0.07432432432432433,"[[66, 3, 6], [4, 61, 7], [5, 6, 62]]",0.88,0.88,0.88,75,0.8714285714285714,0.8472222222222222,0.8591549295774648,72,0.8266666666666667,0.8493150684931506,0.8378378378378378,73
8,0,rf_all,0.8361685823754789,0.8363636363636363,,11,148,0.07432432432432433,"[[64, 6, 5], [5, 60, 7], [6, 7, 60]]",0.8533333333333334,0.8533333333333334,0.8533333333333334,75,0.821917808219178,0.8333333333333334,0.8275862068965517,72,0.8333333333333334,0.821917808219178,0.8275862068965517,73
8,0,svm_all,0.8325610227018677,0.8318181818181818,,17,148,0.11486486486486487,"[[60, 3, 12], [4, 61, 7], [5, 6, 62]]",0.8695652173913043,0.8,0.8333333333333334,75,0.8714285714285714,0.8472222222222222,0.8591549295774648,72,0.7654320987654321,0.8493150684931506,0.8051948051948052,73
8,0,lr_no_psych,0.8509397872775576,0.85,,16,148,0.10810810810810811,"[[62, 2, 11], [4, 61, 7], [5, 4, 64]]",0.8732394366197183,0.8266666666666667,0.8493150684931506,75,0.9104477611940298,0.8472222222222222,0.8776978417266187,72,0.7804878048780488,0.8767123287671232,0.8258064516129032,73
8,0,nested_single,0.8630861598257121,0.8590909090909091,blood_pressure,18,148,0.12162162162162163,"[[57, 0, 18], [0, 59, 13], [0, 0, 73]]",1.0,0.76,0.8636363636363636,75,1.0,0.8194444444444444,0.9007633587786259,72,0.7019230769230769,1.0,0.8248587570621468,73
8,1,dummy,0.1694915254237288,0.3409090909090909,,73,148,0.49324324324324326,"[[75, 0, 0], [72, 0, 0], [73, 0, 0]]",0.3409090909090909,1.0,0.5084745762711864,75,0.0,0.0,0.0,72,0.0,0.0,0.0,73
8,1,lr_all,0.9143873810997704,0.9136363636363637,,10,148,0.06756756756756757,"[[69, 1, 5], [5, 64, 3], [5, 0, 68]]",0.8734177215189873,0.92,0.8961038961038961,75,0.9846153846153847,0.8888888888888888,0.9343065693430657,72,0.8947368421052632,0.9315068493150684,0.912751677852349,73
8,1,rf_all,0.9001365801151536,0.9,,6,148,0.04054054054054054,"[[67, 6, 2], [6, 63, 3], [4, 1, 68]]",0.8701298701298701,0.8933333333333333,0.881578947368421,75,0.9,0.875,0.8873239436619719,72,0.9315068493150684,0.9315068493150684,0.9315068493150684,73
8,1,svm_all,0.9049278601910181,0.9045454545454545,,9,148,0.060810810810810814,"[[67, 3, 5], [6, 64, 2], [4, 1, 68]]",0.8701298701298701,0.8933333333333333,0.881578947368421,75,0.9411764705882353,0.8888888888888888,0.9142857142857143,72,0.9066666666666666,0.9315068493150684,0.918918918918919,73
8,1,lr_no_psych,0.9234289008214128,0.9227272727272727,,10,148,0.06756756756756757,"[[69, 1, 5], [3, 66, 3], [5, 0, 68]]",0.8961038961038961,0.92,0.9078947368421053,75,0.9850746268656716,0.9166666666666666,0.9496402877697842,72,0.8947368421052632,0.9315068493150684,0.912751677852349,73
8,1,nested_single,0.8981293162744134,0.8954545454545455,blood_pressure,13,148,0.08783783783783784,"[[62, 0, 13], [0, 62, 10], [0, 0, 73]]",1.0,0.8266666666666667,0.9051094890510949,75,1.0,0.8611111111111112,0.9253731343283582,72,0.7604166666666666,1.0,0.863905325443787,73
8,2,dummy,0.1694915254237288,0.3409090909090909,,73,148,0.49324324324324326,"[[75, 0, 0], [72, 0, 0], [73, 0, 0]]",0.3409090909090909,1.0,0.5084745762711864,75,0.0,0.0,0.0,72,0.0,0.0,0.0,73
8,2,lr_all,0.8910575139146567,0.8909090909090909,,11,148,0.07432432432432433,"[[64, 5, 6], [3, 65, 4], [5, 1, 67]]",0.8888888888888888,0.8533333333333334,0.8707482993197279,75,0.9154929577464789,0.9027777777777778,0.9090909090909091,72,0.8701298701298701,0.9178082191780822,0.8933333333333333,73
8,2,rf_all,0.9047124442618211,0.9045454545454545,,9,148,0.060810810810810814,"[[66, 5, 4], [3, 66, 3], [5, 1, 67]]",0.8918918918918919,0.88,0.8859060402684564,75,0.9166666666666666,0.9166666666666666,0.9166666666666666,72,0.9054054054054054,0.9178082191780822,0.9115646258503401,73
8,2,svm_all,0.8917460317460318,0.8909090909090909,,14,148,0.0945945945945946,"[[65, 3, 7], [3, 65, 4], [7, 0, 66]]",0.8666666666666667,0.8666666666666667,0.8666666666666667,75,0.9558823529411765,0.9027777777777778,0.9285714285714286,72,0.8571428571428571,0.9041095890410958,0.88,73
8,2,lr_no_psych,0.890966308774528,0.8909090909090909,,10,148,0.06756756756756757,"[[65, 5, 5], [3, 66, 3], [5, 3, 65]]",0.8904109589041096,0.8666666666666667,0.8783783783783784,75,0.8918918918918919,0.9166666666666666,0.9041095890410958,72,0.8904109589041096,0.8904109589041096,0.8904109589041096,73
8,2,nested_single,0.9024276377217554,0.9,blood_pressure,14,148,0.0945945945945946,"[[61, 0, 14], [0, 64, 8], [0, 0, 73]]",1.0,0.8133333333333334,0.8970588235294118,75,1.0,0.8888888888888888,0.9411764705882353,72,0.7684210526315789,1.0,0.8690476190476191,73
8,3,dummy,0.16837315130830488,0.3378995433789954,,74,148,0.5,"[[74, 0, 0], [71, 0, 0], [74, 0, 0]]",0.3378995433789954,1.0,0.5051194539249146,74,0.0,0.0,0.0,71,0.0,0.0,0.0,74
8,3,lr_all,0.8856965944272446,0.8858447488584474,,9,148,0.060810810810810814,"[[68, 1, 5], [6, 60, 5], [4, 4, 66]]",0.8717948717948718,0.918918918918919,0.8947368421052632,74,0.9230769230769231,0.8450704225352113,0.8823529411764706,71,0.868421052631579,0.8918918918918919,0.88,74
8,3,rf_all,0.8726569110949417,0.8721461187214612,,13,148,0.08783783783783784,"[[68, 0, 6], [6, 59, 6], [7, 3, 64]]",0.8395061728395061,0.918918918918919,0.8774193548387097,74,0.9516129032258065,0.8309859154929577,0.8872180451127819,71,0.8421052631578947,0.8648648648648649,0.8533333333333334,74
8,3,svm_all,0.8814279177506518,0.8812785388127854,,11,148,0.07432432432432433,"[[66, 1, 7], [7, 58, 6], [4, 1, 69]]",0.8571428571428571,0.8918918918918919,0.8741721854304636,74,0.9666666666666667,0.8169014084507042,0.8854961832061069,71,0.8414634146341463,0.9324324324324325,0.8846153846153846,74
8,3,lr_no_psych,0.898184117300486,0.8995433789954338,,4,148,0.02702702702702703,"[[71, 1, 2], [8, 58, 5], [2, 4, 68]]",0.8765432098765432,0.9594594594594594,0.9161290322580645,74,0.9206349206349206,0.8169014084507042,0.8656716417910447,71,0.9066666666666666,0.918918918918919,0.912751677852349,74
8,3,nested_single,0.8589912036473759,0.8584474885844748,future_career_concerns,12,148,0.08108108108108109,"[[62, 5, 7], [1, 62, 8], [5, 5, 64]]",0.9117647058823529,0.8378378378378378,0.8732394366197183,74,0.8611111111111112,0.8732394366197183,0.8671328671328671,71,0.810126582278481,0.8648648648648649,0.8366013071895425,74
8,4,dummy,0.16837315130830488,0.3378995433789954,,74,148,0.5,"[[74, 0, 0], [71, 0, 0], [74, 0, 0]]",0.3378995433789954,1.0,0.5051194539249146,74,0.0,0.0,0.0,71,0.0,0.0,0.0,74
8,4,lr_all,0.8639204474060156,0.863013698630137,,16,148,0.10810810810810811,"[[62, 3, 9], [4, 62, 5], [7, 2, 65]]",0.8493150684931506,0.8378378378378378,0.8435374149659864,74,0.9253731343283582,0.8732394366197183,0.8985507246376812,71,0.8227848101265823,0.8783783783783784,0.8496732026143791,74
8,4,rf_all,0.8641209859745329,0.863013698630137,,16,148,0.10810810810810811,"[[64, 1, 9], [3, 62, 6], [7, 4, 63]]",0.8648648648648649,0.8648648648648649,0.8648648648648649,74,0.9253731343283582,0.8732394366197183,0.8985507246376812,71,0.8076923076923077,0.8513513513513513,0.8289473684210527,74
8,4,svm_all,0.8818813906983972,0.8812785388127854,,13,148,0.08783783783783784,"[[66, 3, 5], [4, 63, 4], [8, 2, 64]]",0.8461538461538461,0.8918918918918919,0.868421052631579,74,0.9264705882352942,0.8873239436619719,0.9064748201438849,71,0.8767123287671232,0.8648648648648649,0.8707482993197279,74
8,4,lr_no_psych,0.8633349806440985,0.863013698630137,,16,148,0.10810810810810811,"[[60, 5, 9], [3, 64, 4], [7, 2, 65]]",0.8571428571428571,0.8108108108108109,0.8333333333333334,74,0.9014084507042254,0.9014084507042254,0.9014084507042254,71,0.8333333333333334,0.8783783783783784,0.8552631578947368,74
8,4,nested_single,0.8713902923599415,0.867579908675799,blood_pressure,16,148,0.10810810810810811,"[[58, 0, 16], [0, 58, 13], [0, 0, 74]]",1.0,0.7837837837837838,0.8787878787878788,74,1.0,0.8169014084507042,0.8992248062015504,71,0.7184466019417476,1.0,0.8361581920903954,74
9,0,dummy,0.1694915254237288,0.3409090909090909,,73,148,0.49324324324324326,"[[75, 0, 0], [72, 0, 0], [73, 0, 0]]",0.3409090909090909,1.0,0.5084745762711864,75,0.0,0.0,0.0,72,0.0,0.0,0.0,73
9,0,lr_all,0.8735111522226937,0.8727272727272727,,15,148,0.10135135135135136,"[[66, 3, 6], [2, 63, 7], [9, 1, 63]]",0.8571428571428571,0.88,0.868421052631579,75,0.9402985074626866,0.875,0.9064748201438849,72,0.8289473684210527,0.863013698630137,0.8456375838926175,73
9,0,rf_all,0.8736760787251919,0.8727272727272727,,16,148,0.10810810810810811,"[[64, 3, 8], [4, 64, 4], [8, 1, 64]]",0.8421052631578947,0.8533333333333334,0.847682119205298,75,0.9411764705882353,0.8888888888888888,0.9142857142857143,72,0.8421052631578947,0.8767123287671232,0.8590604026845637,73
9,0,svm_all,0.8738624190472555,0.8727272727272727,,15,148,0.10135135135135136,"[[64, 3, 8], [2, 62, 8], [7, 0, 66]]",0.8767123287671232,0.8533333333333334,0.8648648648648649,75,0.9538461538461539,0.8611111111111112,0.9051094890510949,72,0.8048780487804879,0.9041095890410958,0.8516129032258064,73
9,0,lr_no_psych,0.8643381008847363,0.8636363636363636,,15,148,0.10135135135135136,"[[62, 4, 9], [3, 62, 7], [6, 1, 66]]",0.8732394366197183,0.8266666666666667,0.8493150684931506,75,0.9253731343283582,0.8611111111111112,0.8920863309352518,72,0.8048780487804879,0.9041095890410958,0.8516129032258064,73
9,0,nested_single,0.8629704994047082,0.8590909090909091,blood_pressure,19,148,0.12837837837837837,"[[56, 0, 19], [0, 60, 12], [0, 0, 73]]",1.0,0.7466666666666667,0.8549618320610687,75,1.0,0.8333333333333334,0.9090909090909091,72,0.7019230769230769,1.0,0.8248587570621468,73
9,1,dummy,0.1694915254237288,0.3409090909090909,,73,148,0.49324324324324326,"[[75, 0, 0], [72, 0, 0], [73, 0, 0]]",0.3409090909090909,1.0,0.5084745762711864,75,0.0,0.0,0.0,72,0.0,0.0,0.0,73
9,1,lr_all,0.8818842670234249,0.8818181818181818,,10,148,0.06756756756756757,"[[64, 5, 6], [2, 65, 5], [4, 4, 65]]",0.9142857142857143,0.8533333333333334,0.8827586206896552,75,0.8783783783783784,0.9027777777777778,0.8904109589041096,72,0.8552631578947368,0.8904109589041096,0.87248322147651,73
9,1,rf_all,0.8820558616951458,0.8818181818181818,,11,148,0.07432432432432433,"[[65, 3, 7], [4, 63, 5], [4, 3, 66]]",0.8904109589041096,0.8666666666666667,0.8783783783783784,75,0.9130434782608695,0.875,0.8936170212765957,72,0.8461538461538461,0.9041095890410958,0.8741721854304636,73
9,1,svm_all,0.8777241805813234,0.8772727272727273,,14,148,0.0945945945945946,"[[64, 3, 8], [2, 65, 5], [6, 3, 64]]",0.8888888888888888,0.8533333333333334,0.8707482993197279,75,0.9154929577464789,0.9027777777777778,0.9090909090909091,72,0.8311688311688312,0.8767123287671232,0.8533333333333334,73
9,1,lr_no_psych,0.8773946360153256,0.8772727272727273,,12,148,0.08108108108108109,"[[65, 5, 5], [3, 65, 4], [7, 3, 63]]",0.8666666666666667,0.8666666666666667,0.8666666666666667,75,0.8904109589041096,0.9027777777777778,0.896551724137931,72,0.875,0.863013698630137,0.8689655172413793,73
9,1,nested_single,0.8638288695431552,0.8636363636363636,future_career_concerns,13,148,0.08783783783783784,"[[62, 6, 7], [0, 65, 7], [6, 4, 63]]",0.9117647058823529,0.8266666666666667,0.8671328671328671,75,0.8666666666666667,0.9027777777777778,0.8843537414965986,72,0.8181818181818182,0.863013698630137,0.84,73
9,2,dummy,0.1694915254237288,0.3409090909090909,,73,148,0.49324324324324326,"[[75, 0, 0], [72, 0, 0], [73, 0, 0]]",0.3409090909090909,1.0,0.5084745762711864,75,0.0,0.0,0.0,72,0.0,0.0,0.0,73
9,2,lr_all,0.8864511994008396,0.8863636363636364,,10,148,0.06756756756756757,"[[68, 3, 4], [4, 62, 6], [6, 2, 65]]",0.8717948717948718,0.9066666666666666,0.8888888888888888,75,0.9253731343283582,0.8611111111111112,0.8920863309352518,72,0.8666666666666667,0.8904109589041096,0.8783783783783784,73
9,2,rf_all,0.8866114838816564,0.8863636363636364,,9,148,0.060810810810810814,"[[70, 3, 2], [7, 62, 3], [7, 3, 63]]",0.8333333333333334,0.9333333333333333,0.8805031446540881,75,0.9117647058823529,0.8611111111111112,0.8857142857142857,72,0.9264705882352942,0.863013698630137,0.8936170212765957,73
9,2,svm_all,0.8867428579658796,0.8863636363636364,,12,148,0.08108108108108109,"[[68, 2, 5], [3, 63, 6], [7, 2, 64]]",0.8717948717948718,0.9066666666666666,0.8888888888888888,75,0.9402985074626866,0.875,0.9064748201438849,72,0.8533333333333334,0.8767123287671232,0.8648648648648649,73
9,2,lr_no_psych,0.8772754533771242,0.8772727272727273,,10,148,0.06756756756756757,"[[67, 3, 5], [3, 62, 7], [5, 4, 64]]",0.8933333333333333,0.8933333333333333,0.8933333333333333,75,0.8985507246376812,0.8611111111111112,0.8794326241134752,72,0.8421052631578947,0.8767123287671232,0.8590604026845637,73
9,2,nested_single,0.8849956473075489,0.8818181818181818,blood_pressure,14,148,0.0945945945945946,"[[61, 0, 14], [0, 60, 12], [0, 0, 73]]",1.0,0.8133333333333334,0.8970588235294118,75,1.0,0.8333333333333334,0.9090909090909091,72,0.7373737373737373,1.0,0.8488372093023255,73
9,3,dummy,0.16837315130830488,0.3378995433789954,,74,148,0.5,"[[74, 0, 0], [71, 0, 0], [74, 0, 0]]",0.3378995433789954,1.0,0.5051194539249146,74,0.0,0.0,0.0,71,0.0,0.0,0.0,74
9,3,lr_all,0.91347929900437,0.91324200913242,,9,148,0.060810810810810814,"[[69, 1, 4], [3, 65, 3], [5, 3, 66]]",0.8961038961038961,0.9324324324324325,0.9139072847682119,74,0.9420289855072463,0.9154929577464789,0.9285714285714286,71,0.9041095890410958,0.8918918918918919,0.8979591836734694,74
9,3,rf_all,0.9051666082558532,0.9041095890410958,,13,148,0.08783783783783784,"[[66, 0, 8], [3, 65, 3], [5, 2, 67]]",0.8918918918918919,0.8918918918918919,0.8918918918918919,74,0.9701492537313433,0.9154929577464789,0.9420289855072463,71,0.8589743589743589,0.9054054054054054,0.881578947368421,74
9,3,svm_all,0.9038587349833551,0.9041095890410958,,6,148,0.04054054054054054,"[[69, 1, 4], [5, 63, 3], [2, 6, 66]]",0.9078947368421053,0.9324324324324325,0.92,74,0.9,0.8873239436619719,0.8936170212765957,71,0.9041095890410958,0.8918918918918919,0.8979591836734694,74
9,3,lr_no_psych,0.9088459888459889,0.908675799086758,,8,148,0.05405405405405406,"[[68, 1, 5], [3, 64, 4], [3, 4, 67]]",0.918918918918919,0.918918918918919,0.918918918918919,74,0.927536231884058,0.9014084507042254,0.9142857142857143,71,0.881578947368421,0.9054054054054054,0.8933333333333333,74
9,3,nested_single,0.9066117259734788,0.9041095890410958,blood_pressure,12,148,0.08108108108108109,"[[62, 0, 12], [0, 62, 9], [0, 0, 74]]",1.0,0.8378378378378378,0.9117647058823529,74,1.0,0.8732394366197183,0.9323308270676691,71,0.7789473684210526,1.0,0.8757396449704142,74
9,4,dummy,0.16837315130830488,0.3378995433789954,,74,148,0.5,"[[74, 0, 0], [71, 0, 0], [74, 0, 0]]",0.3378995433789954,1.0,0.5051194539249146,74,0.0,0.0,0.0,71,0.0,0.0,0.0,74
9,4,lr_all,0.8760465621112342,0.8767123287671232,,9,148,0.060810810810810814,"[[64, 3, 7], [7, 58, 6], [2, 2, 70]]",0.8767123287671232,0.8648648648648649,0.8707482993197279,74,0.9206349206349206,0.8169014084507042,0.8656716417910447,71,0.8433734939759037,0.9459459459459459,0.89171974522293,74
9,4,rf_all,0.8666993947042404,0.867579908675799,,10,148,0.06756756756756757,"[[64, 3, 7], [8, 56, 7], [3, 1, 70]]",0.8533333333333334,0.8648648648648649,0.8590604026845637,74,0.9333333333333333,0.7887323943661971,0.8549618320610687,71,0.8333333333333334,0.9459459459459459,0.8860759493670886,74
9,4,svm_all,0.8764792526697288,0.8767123287671232,,10,148,0.06756756756756757,"[[64, 3, 7], [6, 59, 6], [3, 2, 69]]",0.8767123287671232,0.8648648648648649,0.8707482993197279,74,0.921875,0.8309859154929577,0.8740740740740741,71,0.8414634146341463,0.9324324324324325,0.8846153846153846,74
9,4,lr_no_psych,0.8770220582301119,0.8767123287671232,,12,148,0.08108108108108109,"[[64, 2, 8], [7, 60, 4], [4, 2, 68]]",0.8533333333333334,0.8648648648648649,0.8590604026845637,74,0.9375,0.8450704225352113,0.8888888888888888,71,0.85,0.918918918918919,0.8831168831168831,74
9,4,nested_single,0.8624977616751689,0.8584474885844748,blood_pressure,16,148,0.10810810810810811,"[[58, 0, 16], [0, 56, 15], [0, 0, 74]]",1.0,0.7837837837837838,0.8787878787878788,74,1.0,0.7887323943661971,0.8818897637795275,71,0.7047619047619048,1.0,0.8268156424581006,74
