source_row_id,column,value,provisional_max,note
1100,noise_level,10.0,5.0,provisional_bound_not_data_dictionary
1101,noise_level,10.0,5.0,provisional_bound_not_data_dictionary
1102,noise_level,9.0,5.0,provisional_bound_not_data_dictionary
1103,living_conditions,20.0,5.0,provisional_bound_not_data_dictionary
1104,living_conditions,20.0,5.0,provisional_bound_not_data_dictionary
1104,study_load,15.0,5.0,provisional_bound_not_data_dictionary
1105,study_load,23.0,5.0,provisional_bound_not_data_dictionary
1106,study_load,15.0,5.0,provisional_bound_not_data_dictionary
1107,study_load,23.0,5.0,provisional_bound_not_data_dictionary
1108,depression,100.0,27.0,provisional_bound_not_data_dictionary
1108,study_load,23.0,5.0,provisional_bound_not_data_dictionary
1109,noise_level,10.0,5.0,provisional_bound_not_data_dictionary
1109,study_load,13.0,5.0,provisional_bound_not_data_dictionary
1110,living_conditions,15.0,5.0,provisional_bound_not_data_dictionary
1110,study_load,14.0,5.0,provisional_bound_not_data_dictionary
1111,living_conditions,14.0,5.0,provisional_bound_not_data_dictionary
1111,study_load,15.0,5.0,provisional_bound_not_data_dictionary
1112,living_conditions,17.0,5.0,provisional_bound_not_data_dictionary
1112,study_load,10.0,5.0,provisional_bound_not_data_dictionary
1113,living_conditions,13.0,5.0,provisional_bound_not_data_dictionary
1113,study_load,16.0,5.0,provisional_bound_not_data_dictionary
1114,living_conditions,16.0,5.0,provisional_bound_not_data_dictionary
1115,living_conditions,14.0,5.0,provisional_bound_not_data_dictionary
1116,living_conditions,15.0,5.0,provisional_bound_not_data_dictionary
1117,living_conditions,21.0,5.0,provisional_bound_not_data_dictionary
1118,living_conditions,17.0,5.0,provisional_bound_not_data_dictionary
1119,living_conditions,13.0,5.0,provisional_bound_not_data_dictionary
1120,depression,100.0,27.0,provisional_bound_not_data_dictionary
