source_row_id,column,original_value,normalized_value,action,reason
3,anxiety_level,“16”,16,removed_outer_quotes,format_normalized
9,anxiety_level,“6”,6,removed_outer_quotes,format_normalized
51,depression,“14”,14,removed_outer_quotes,format_normalized
56,breathing_problem,“4”,4,removed_outer_quotes,format_normalized
98,safety,“5”,5,removed_outer_quotes,format_normalized
147,depression,“20”,20,removed_outer_quotes,format_normalized
165,depression,“26”,26,removed_outer_quotes,format_normalized
270,living_conditions,“2”,2,removed_outer_quotes,format_normalized
308,depression,“24”,24,removed_outer_quotes,format_normalized
389,anxiety_level,Null,,null_token_to_missing,null_or_empty_to_missing
438,noise_level,“3”,3,removed_outer_quotes,format_normalized
521,basic_needs,“4”,4,removed_outer_quotes,format_normalized
531,teacher_student_relationship,“3”,3,removed_outer_quotes,format_normalized
573,teacher_student_relationship,“4”,4,removed_outer_quotes,format_normalized
580,depression,Null,,null_token_to_missing,null_or_empty_to_missing
583,social_support,“1”,1,removed_outer_quotes,format_normalized
633,bullying,“5”,5,removed_outer_quotes,format_normalized
635,depression,“22”,22,removed_outer_quotes,format_normalized
787,blood_pressure,Null,,null_token_to_missing,null_or_empty_to_missing
