source_row_id,reason,detail
1100,tail_rows_quarantined_by_audit_convention,rows>=1100 excluded from primary scope
1101,tail_rows_quarantined_by_audit_convention,rows>=1100 excluded from primary scope
1102,tail_rows_quarantined_by_audit_convention,rows>=1100 excluded from primary scope
1103,tail_rows_quarantined_by_audit_convention,rows>=1100 excluded from primary scope
1104,tail_rows_quarantined_by_audit_convention,rows>=1100 excluded from primary scope
1105,tail_rows_quarantined_by_audit_convention,rows>=1100 excluded from primary scope
1106,tail_rows_quarantined_by_audit_convention,rows>=1100 excluded from primary scope
1107,tail_rows_quarantined_by_audit_convention,rows>=1100 excluded from primary scope
1108,tail_rows_quarantined_by_audit_convention,rows>=1100 excluded from primary scope
1109,tail_rows_quarantined_by_audit_convention,rows>=1100 excluded from primary scope
1110,tail_rows_quarantined_by_audit_convention,rows>=1100 excluded from primary scope
1111,tail_rows_quarantined_by_audit_convention,rows>=1100 excluded from primary scope
1112,tail_rows_quarantined_by_audit_convention,rows>=1100 excluded from primary scope
1113,tail_rows_quarantined_by_audit_convention,rows>=1100 excluded from primary scope
1114,tail_rows_quarantined_by_audit_convention,rows>=1100 excluded from primary scope
1115,tail_rows_quarantined_by_audit_convention,rows>=1100 excluded from primary scope
1116,tail_rows_quarantined_by_audit_convention,rows>=1100 excluded from primary scope
1117,tail_rows_quarantined_by_audit_convention,rows>=1100 excluded from primary scope
1118,tail_rows_quarantined_by_audit_convention,rows>=1100 excluded from primary scope
1119,tail_rows_quarantined_by_audit_convention,rows>=1100 excluded from primary scope
1120,tail_rows_quarantined_by_audit_convention,rows>=1100 excluded from primary scope
805,missing_stress_level,
889,missing_stress_level,
