field,min,max,n_missing,provisional_max,n_above_provisional_max
anxiety_level,0.0,21.0,3,21.0,0
self_esteem,0.0,30.0,3,30.0,0
mental_health_history,0.0,1.0,2,1.0,0
depression,0.0,100.0,3,27.0,2
headache,0.0,5.0,0,5.0,0
blood_pressure,1.0,3.0,3,3.0,0
sleep_quality,0.0,5.0,2,5.0,0
breathing_problem,0.0,5.0,3,5.0,0
noise_level,0.0,10.0,1,5.0,4
living_conditions,0.0,21.0,0,5.0,12
safety,0.0,5.0,0,5.0,0
basic_needs,0.0,5.0,0,5.0,0
academic_performance,0.0,5.0,2,5.0,0
study_load,0.0,23.0,0,5.0,10
teacher_student_relationship,0.0,5.0,3,5.0,0
future_career_concerns,0.0,5.0,2,5.0,0
social_support,0.0,3.0,1,3.0,0
peer_pressure,0.0,5.0,1,5.0,0
extracurricular_activities,0.0,5.0,2,5.0,0
bullying,0.0,5.0,1,5.0,0
