repeat,fold,model,macro_f1,accuracy,selected_feature
0,0,dummy,0.1694915254237288,0.3409090909090909,
0,0,lr_all,0.8903292432704197,0.8909090909090909,
0,0,rf_all,0.8719972837619897,0.8727272727272727,
0,0,svm_all,0.8760893741785463,0.8772727272727273,
0,0,lr_no_psych,0.8904949292988467,0.8909090909090909,
0,0,nested_single,0.8587087001538337,0.8545454545454545,blood_pressure
0,1,dummy,0.1694915254237288,0.3409090909090909,
0,1,lr_all,0.8729163610779329,0.8727272727272727,
0,1,rf_all,0.8505903810467984,0.85,
0,1,svm_all,0.8551977097870819,0.8545454545454545,
0,1,lr_no_psych,0.8773497222680525,0.8772727272727273,
0,1,nested_single,0.849959889111163,0.85,future_career_concerns
0,2,dummy,0.1694915254237288,0.3409090909090909,
0,2,lr_all,0.8864038766191408,0.8863636363636364,
0,2,rf_all,0.8679725860933916,0.8681818181818182,
0,2,svm_all,0.8772403938744447,0.8772727272727273,
0,2,lr_no_psych,0.8774729763003025,0.8772727272727273,
0,2,nested_single,0.8538801611771807,0.8545454545454545,anxiety_level
0,3,dummy,0.16837315130830488,0.3378995433789954,
0,3,lr_all,0.9093581408365342,0.908675799086758,
0,3,rf_all,0.8817053391404871,0.8812785388127854,
0,3,svm_all,0.9044261108698798,0.9041095890410958,
0,3,lr_no_psych,0.9000388290363963,0.8995433789954338,
0,3,nested_single,0.8776414780471575,0.8767123287671232,future_career_concerns
0,4,dummy,0.16837315130830488,0.3378995433789954,
0,4,lr_all,0.8852787883687713,0.8858447488584474,
0,4,rf_all,0.8949028749028748,0.8949771689497716,
0,4,svm_all,0.8721154906555114,0.8721461187214612,
0,4,lr_no_psych,0.8812193630815752,0.8812785388127854,
0,4,nested_single,0.8669578509817274,0.863013698630137,blood_pressure
1,0,dummy,0.1694915254237288,0.3409090909090909,
1,0,lr_all,0.8815105837958144,0.8818181818181818,
1,0,rf_all,0.8866009974823621,0.8863636363636364,
1,0,svm_all,0.8862969788990855,0.8863636363636364,
1,0,lr_no_psych,0.8635016313135662,0.8636363636363636,
1,0,nested_single,0.8594037541405962,0.8590909090909091,sleep_quality
1,1,dummy,0.1694915254237288,0.3409090909090909,
1,1,lr_all,0.9090258751902587,0.9090909090909091,
1,1,rf_all,0.9002185116470831,0.9,
1,1,svm_all,0.890629122272958,0.8909090909090909,
1,1,lr_no_psych,0.9046259163329985,0.9045454545454545,
1,1,nested_single,0.8850064437579738,0.8818181818181818,blood_pressure
1,2,dummy,0.1694915254237288,0.3409090909090909,
1,2,lr_all,0.8648415337822576,0.8636363636363636,
1,2,rf_all,0.8585820251854407,0.8590909090909091,
1,2,svm_all,0.8689311388875586,0.8681818181818182,
1,2,lr_no_psych,0.8824523718194603,0.8818181818181818,
1,2,nested_single,0.8498110981741318,0.8454545454545455,blood_pressure
1,3,dummy,0.16837315130830488,0.3378995433789954,
1,3,lr_all,0.8947785736811281,0.8949771689497716,
1,3,rf_all,0.8898298301778004,0.8904109589041096,
1,3,svm_all,0.8812227961164131,0.8812785388127854,
1,3,lr_no_psych,0.8767304352309234,0.8767123287671232,
1,3,nested_single,0.8843781824483118,0.8812785388127854,blood_pressure
1,4,dummy,0.16837315130830488,0.3378995433789954,
1,4,lr_all,0.8687818029923293,0.867579908675799,
1,4,rf_all,0.885701422024156,0.8858447488584474,
1,4,svm_all,0.8687818029923293,0.867579908675799,
1,4,lr_no_psych,0.8771316628583969,0.8767123287671232,
1,4,nested_single,0.876610457094976,0.8767123287671232,future_career_concerns
2,0,dummy,0.1694915254237288,0.3409090909090909,
2,0,lr_all,0.8682460828976888,0.8681818181818182,
2,0,rf_all,0.8636584321005284,0.8636363636363636,
2,0,svm_all,0.864019009514912,0.8636363636363636,
2,0,lr_no_psych,0.8685044430304342,0.8681818181818182,
2,0,nested_single,0.8599860887461768,0.8590909090909091,future_career_concerns
2,1,dummy,0.1694915254237288,0.3409090909090909,
2,1,lr_all,0.8593687071609765,0.8590909090909091,
2,1,rf_all,0.8641675551400496,0.8636363636363636,
2,1,svm_all,0.8500763084657509,0.85,
2,1,lr_no_psych,0.8602719671461543,0.8590909090909091,
2,1,nested_single,0.84944234006734,0.8454545454545455,blood_pressure
2,2,dummy,0.1694915254237288,0.3409090909090909,
2,2,lr_all,0.9088122605363985,0.9090909090909091,
2,2,rf_all,0.8908239148904483,0.8909090909090909,
2,2,svm_all,0.8998195455338313,0.9,
2,2,lr_no_psych,0.9045722531436816,0.9045454545454545,
2,2,nested_single,0.9024880772122823,0.9,blood_pressure
2,3,dummy,0.16837315130830488,0.3378995433789954,
2,3,lr_all,0.8999794419017323,0.8995433789954338,
2,3,rf_all,0.8783143107989465,0.8767123287671232,
2,3,svm_all,0.8953255267337034,0.8949771689497716,
2,3,lr_no_psych,0.8996687575857454,0.8995433789954338,
2,3,nested_single,0.8578691480733723,0.8584474885844748,anxiety_level
2,4,dummy,0.16837315130830488,0.3378995433789954,
2,4,lr_all,0.8779175878289496,0.8767123287671232,
2,4,rf_all,0.8548681779322137,0.8538812785388128,
2,4,svm_all,0.8728895370686415,0.8721461187214612,
2,4,lr_no_psych,0.8640241937258363,0.863013698630137,
2,4,nested_single,0.8490190962265673,0.8447488584474886,blood_pressure
3,0,dummy,0.1694915254237288,0.3409090909090909,
3,0,lr_all,0.9050465734985047,0.9045454545454545,
3,0,rf_all,0.8963132468853293,0.8954545454545455,
3,0,svm_all,0.8866279395993262,0.8863636363636364,
3,0,lr_no_psych,0.904941909180195,0.9045454545454545,
3,0,nested_single,0.8937518290898449,0.8909090909090909,blood_pressure
3,1,dummy,0.1694915254237288,0.3409090909090909,
3,1,lr_all,0.8780791374597211,0.8772727272727273,
3,1,rf_all,0.8599027543320492,0.8590909090909091,
3,1,svm_all,0.8644854086683814,0.8636363636363636,
3,1,lr_no_psych,0.8731892620837982,0.8727272727272727,
3,1,nested_single,0.8418078342448091,0.8409090909090909,future_career_concerns
3,2,dummy,0.1694915254237288,0.3409090909090909,
3,2,lr_all,0.9089362784854412,0.9090909090909091,
3,2,rf_all,0.890963055417088,0.8909090909090909,
3,2,svm_all,0.9089995496790509,0.9090909090909091,
3,2,lr_no_psych,0.9180343603032921,0.9181818181818182,
3,2,nested_single,0.8908382066276803,0.8909090909090909,future_career_concerns
3,3,dummy,0.16837315130830488,0.3378995433789954,
3,3,lr_all,0.8955986660725125,0.8949771689497716,
3,3,rf_all,0.9178070108795726,0.9178082191780822,
3,3,svm_all,0.8910411247367769,0.8904109589041096,
3,3,lr_no_psych,0.8686023066793102,0.867579908675799,
3,3,nested_single,0.8978144013231733,0.8949771689497716,blood_pressure
3,4,dummy,0.16837315130830488,0.3378995433789954,
3,4,lr_all,0.8542160351999519,0.8538812785388128,
3,4,rf_all,0.8309801624844199,0.8310502283105022,
3,4,svm_all,0.8405241291147331,0.8401826484018264,
3,4,lr_no_psych,0.8676862049167493,0.867579908675799,
3,4,nested_single,0.8231295676947852,0.821917808219178,sleep_quality
4,0,dummy,0.1694915254237288,0.3409090909090909,
4,0,lr_all,0.8996022283382947,0.9,
4,0,rf_all,0.873375583332003,0.8727272727272727,
4,0,svm_all,0.8913857223704422,0.8909090909090909,
4,0,lr_no_psych,0.8903884271330612,0.8909090909090909,
4,0,nested_single,0.8892026688767128,0.8863636363636364,blood_pressure
4,1,dummy,0.1694915254237288,0.3409090909090909,
4,1,lr_all,0.8724495226370695,0.8727272727272727,
4,1,rf_all,0.8590198070868263,0.8590909090909091,
4,1,svm_all,0.8592653508771931,0.8590909090909091,
4,1,lr_no_psych,0.8675942725486833,0.8681818181818182,
4,1,nested_single,0.848959870686626,0.8454545454545455,blood_pressure
4,2,dummy,0.1694915254237288,0.3409090909090909,
4,2,lr_all,0.8953437603683909,0.8954545454545455,
4,2,rf_all,0.9087676638012209,0.9090909090909091,
4,2,svm_all,0.8860834150723589,0.8863636363636364,
4,2,lr_no_psych,0.8816611959469102,0.8818181818181818,
4,2,nested_single,0.8860512025943915,0.8863636363636364,future_career_concerns
4,3,dummy,0.16837315130830488,0.3378995433789954,
4,3,lr_all,0.89144370122631,0.8904109589041096,
4,3,rf_all,0.8777242634899793,0.8767123287671232,
4,3,svm_all,0.8829358036234053,0.8812785388127854,
4,3,lr_no_psych,0.8908321986245825,0.8904109589041096,
4,3,nested_single,0.862150709539895,0.863013698630137,anxiety_level
4,4,dummy,0.16837315130830488,0.3378995433789954,
4,4,lr_all,0.8814093314093313,0.8812785388127854,
4,4,rf_all,0.8586310462374795,0.8584474885844748,
4,4,svm_all,0.8770579961942583,0.8767123287671232,
4,4,lr_no_psych,0.8867528726163115,0.8858447488584474,
4,4,nested_single,0.8757228776312745,0.8721461187214612,blood_pressure
5,0,dummy,0.1694915254237288,0.3409090909090909,
5,0,lr_all,0.8861975699704662,0.8863636363636364,
5,0,rf_all,0.8642262171673937,0.8636363636363636,
5,0,svm_all,0.8636732649159913,0.8636363636363636,
5,0,lr_no_psych,0.8506243941017398,0.85,
5,0,nested_single,0.8630861598257121,0.8590909090909091,blood_pressure
5,1,dummy,0.1694915254237288,0.3409090909090909,
5,1,lr_all,0.8781081965234568,0.8772727272727273,
5,1,rf_all,0.8686818424464272,0.8681818181818182,
5,1,svm_all,0.8827677368514705,0.8818181818181818,
5,1,lr_no_psych,0.8870349020018865,0.8863636363636364,
5,1,nested_single,0.8893844087342538,0.8863636363636364,blood_pressure
5,2,dummy,0.1694915254237288,0.3409090909090909,
5,2,lr_all,0.8730951097960316,0.8727272727272727,
5,2,rf_all,0.8543434980521073,0.8545454545454545,
5,2,svm_all,0.8823529411764707,0.8818181818181818,
5,2,lr_no_psych,0.8868976503385105,0.8863636363636364,
5,2,nested_single,0.8629158819836785,0.8590909090909091,blood_pressure
5,3,dummy,0.16837315130830488,0.3378995433789954,
5,3,lr_all,0.90415338136962,0.9041095890410958,
5,3,rf_all,0.9041204447628083,0.9041095890410958,
5,3,svm_all,0.8960467631268921,0.8949771689497716,
5,3,lr_no_psych,0.909027979007695,0.908675799086758,
5,3,nested_single,0.8959642508029604,0.8949771689497716,sleep_quality
5,4,dummy,0.16837315130830488,0.3378995433789954,
5,4,lr_all,0.8991492120988523,0.8995433789954338,
5,4,rf_all,0.8771297061182359,0.8767123287671232,
5,4,svm_all,0.8812244518766258,0.8812785388127854,
5,4,lr_no_psych,0.8948293720456107,0.8949771689497716,
5,4,nested_single,0.8712423959933341,0.867579908675799,blood_pressure
6,0,dummy,0.1694915254237288,0.3409090909090909,
6,0,lr_all,0.8822477646810586,0.8818181818181818,
6,0,rf_all,0.908769814577437,0.9090909090909091,
6,0,svm_all,0.8865979841568604,0.8863636363636364,
6,0,lr_no_psych,0.8867023154300339,0.8863636363636364,
6,0,nested_single,0.8539372752781563,0.8545454545454545,future_career_concerns
6,1,dummy,0.1694915254237288,0.3409090909090909,
6,1,lr_all,0.8693912626607778,0.8681818181818182,
6,1,rf_all,0.8735313796333468,0.8727272727272727,
6,1,svm_all,0.8689862994498756,0.8681818181818182,
6,1,lr_no_psych,0.8559532687049466,0.8545454545454545,
6,1,nested_single,0.880584272715396,0.8772727272727273,blood_pressure
6,2,dummy,0.1694915254237288,0.3409090909090909,
6,2,lr_all,0.8860004535746079,0.8863636363636364,
6,2,rf_all,0.8866130694702123,0.8863636363636364,
6,2,svm_all,0.8683205783931737,0.8681818181818182,
6,2,lr_no_psych,0.8723321728840845,0.8727272727272727,
6,2,nested_single,0.8806069612820767,0.8772727272727273,blood_pressure
6,3,dummy,0.16837315130830488,0.3378995433789954,
6,3,lr_all,0.8991870138898294,0.8995433789954338,
6,3,rf_all,0.885074303175081,0.8858447488584474,
6,3,svm_all,0.8946518664975391,0.8949771689497716,
6,3,lr_no_psych,0.8944432091007236,0.8949771689497716,
6,3,nested_single,0.9016882800189396,0.8995433789954338,blood_pressure
6,4,dummy,0.16837315130830488,0.3378995433789954,
6,4,lr_all,0.8954615142784546,0.8949771689497716,
6,4,rf_all,0.894807462549398,0.8949771689497716,
6,4,svm_all,0.8768656716417911,0.8767123287671232,
6,4,lr_no_psych,0.9086499184328055,0.908675799086758,
6,4,nested_single,0.8756854929895974,0.8721461187214612,blood_pressure
7,0,dummy,0.1694915254237288,0.3409090909090909,
7,0,lr_all,0.8367687305833575,0.8363636363636363,
7,0,rf_all,0.849790631999221,0.85,
7,0,svm_all,0.8416319726838356,0.8409090909090909,
7,0,lr_no_psych,0.8317940314812057,0.8318181818181818,
7,0,nested_single,0.8366396322847329,0.8318181818181818,blood_pressure
7,1,dummy,0.1694915254237288,0.3409090909090909,
7,1,lr_all,0.8999147555408898,0.9,
7,1,rf_all,0.8958628517452046,0.8954545454545455,
7,1,svm_all,0.8908643039884856,0.8909090909090909,
7,1,lr_no_psych,0.9000842662814494,0.9,
7,1,nested_single,0.8773752575370227,0.8772727272727273,future_career_concerns
7,2,dummy,0.1694915254237288,0.3409090909090909,
7,2,lr_all,0.9093577655221491,0.9090909090909091,
7,2,rf_all,0.9089286526763315,0.9090909090909091,
7,2,svm_all,0.8867402577594753,0.8863636363636364,
7,2,lr_no_psych,0.891890089369081,0.8909090909090909,
7,2,nested_single,0.893742083848522,0.8909090909090909,blood_pressure
7,3,dummy,0.16837315130830488,0.3378995433789954,
7,3,lr_all,0.8955363966116655,0.8949771689497716,
7,3,rf_all,0.8735901622559559,0.8721461187214612,
7,3,svm_all,0.8783218822919366,0.8767123287671232,
7,3,lr_no_psych,0.8998462234283129,0.8995433789954338,
7,3,nested_single,0.9150384073728225,0.91324200913242,blood_pressure
7,4,dummy,0.16837315130830488,0.3378995433789954,
7,4,lr_all,0.858496815920462,0.8584474885844748,
7,4,rf_all,0.8446348214368098,0.8447488584474886,
7,4,svm_all,0.8443011030818393,0.8447488584474886,
7,4,lr_no_psych,0.8673084559494296,0.867579908675799,
7,4,nested_single,0.8578881766381766,0.8538812785388128,blood_pressure
8,0,dummy,0.1694915254237288,0.3409090909090909,
8,0,lr_all,0.8589975891384342,0.8590909090909091,
8,0,rf_all,0.8361685823754789,0.8363636363636363,
8,0,svm_all,0.8325610227018677,0.8318181818181818,
8,0,lr_no_psych,0.8509397872775576,0.85,
8,0,nested_single,0.8630861598257121,0.8590909090909091,blood_pressure
8,1,dummy,0.1694915254237288,0.3409090909090909,
8,1,lr_all,0.9143873810997704,0.9136363636363637,
8,1,rf_all,0.9001365801151536,0.9,
8,1,svm_all,0.9049278601910181,0.9045454545454545,
8,1,lr_no_psych,0.9234289008214128,0.9227272727272727,
8,1,nested_single,0.8981293162744134,0.8954545454545455,blood_pressure
8,2,dummy,0.1694915254237288,0.3409090909090909,
8,2,lr_all,0.8910575139146567,0.8909090909090909,
8,2,rf_all,0.9047124442618211,0.9045454545454545,
8,2,svm_all,0.8917460317460318,0.8909090909090909,
8,2,lr_no_psych,0.890966308774528,0.8909090909090909,
8,2,nested_single,0.9024276377217554,0.9,blood_pressure
8,3,dummy,0.16837315130830488,0.3378995433789954,
8,3,lr_all,0.8856965944272446,0.8858447488584474,
8,3,rf_all,0.8726569110949417,0.8721461187214612,
8,3,svm_all,0.8814279177506518,0.8812785388127854,
8,3,lr_no_psych,0.898184117300486,0.8995433789954338,
8,3,nested_single,0.8589912036473759,0.8584474885844748,future_career_concerns
8,4,dummy,0.16837315130830488,0.3378995433789954,
8,4,lr_all,0.8639204474060156,0.863013698630137,
8,4,rf_all,0.8641209859745329,0.863013698630137,
8,4,svm_all,0.8818813906983972,0.8812785388127854,
8,4,lr_no_psych,0.8633349806440985,0.863013698630137,
8,4,nested_single,0.8713902923599415,0.867579908675799,blood_pressure
9,0,dummy,0.1694915254237288,0.3409090909090909,
9,0,lr_all,0.8735111522226937,0.8727272727272727,
9,0,rf_all,0.8736760787251919,0.8727272727272727,
9,0,svm_all,0.8738624190472555,0.8727272727272727,
9,0,lr_no_psych,0.8643381008847363,0.8636363636363636,
9,0,nested_single,0.8629704994047082,0.8590909090909091,blood_pressure
9,1,dummy,0.1694915254237288,0.3409090909090909,
9,1,lr_all,0.8818842670234249,0.8818181818181818,
9,1,rf_all,0.8820558616951458,0.8818181818181818,
9,1,svm_all,0.8777241805813234,0.8772727272727273,
9,1,lr_no_psych,0.8773946360153256,0.8772727272727273,
9,1,nested_single,0.8638288695431552,0.8636363636363636,future_career_concerns
9,2,dummy,0.1694915254237288,0.3409090909090909,
9,2,lr_all,0.8864511994008396,0.8863636363636364,
9,2,rf_all,0.8866114838816564,0.8863636363636364,
9,2,svm_all,0.8867428579658796,0.8863636363636364,
9,2,lr_no_psych,0.8772754533771242,0.8772727272727273,
9,2,nested_single,0.8849956473075489,0.8818181818181818,blood_pressure
9,3,dummy,0.16837315130830488,0.3378995433789954,
9,3,lr_all,0.91347929900437,0.91324200913242,
9,3,rf_all,0.9051666082558532,0.9041095890410958,
9,3,svm_all,0.9038587349833551,0.9041095890410958,
9,3,lr_no_psych,0.9088459888459889,0.908675799086758,
9,3,nested_single,0.9066117259734788,0.9041095890410958,blood_pressure
9,4,dummy,0.16837315130830488,0.3378995433789954,
9,4,lr_all,0.8760465621112342,0.8767123287671232,
9,4,rf_all,0.8666993947042404,0.867579908675799,
9,4,svm_all,0.8764792526697288,0.8767123287671232,
9,4,lr_no_psych,0.8770220582301119,0.8767123287671232,
9,4,nested_single,0.8624977616751689,0.8584474885844748,blood_pressure
