perm,clean,leaky,leaky_minus_clean
0,0.3266263993841561,0.3841989037301143,0.057572504345958175
1,0.3136642161082448,0.3667554686851113,0.05309125257686648
2,0.32169856562161775,0.3390721387681569,0.017373573146539145
3,0.30392293897653677,0.3784025234988879,0.07447958452235115
4,0.3172546858942057,0.32222528395231376,0.004970598058108067
5,0.3431797272249928,0.33634645644262273,-0.00683327078237006
6,0.27164551102260515,0.36263510998682086,0.09098959896421571
7,0.3233839095410401,0.36224102287263993,0.0388571133315998
8,0.3294291949078857,0.35339015503685,0.023960960128964315
9,0.3277634083638564,0.3671521961914649,0.03938878782760846
10,0.33063996845805843,0.3731857305400249,0.042545762081966476
11,0.3397510648770664,0.3932121525431208,0.0534610876660544
12,0.35945047126792207,0.3856074143629965,0.026156943095074436
13,0.3275981578654119,0.3528985876268635,0.02530042976145158
14,0.3007120111532227,0.3661955298927674,0.06548351873954467
15,0.36633196666879386,0.37556190104485815,0.009229934376064286
16,0.35610692290625423,0.3855987586601429,0.029491835753888695
17,0.3224916473739493,0.35425288375766795,0.03176123638371864
18,0.3273934808618264,0.35396312537293395,0.02656964451110755
19,0.3267818770129694,0.39417856009956564,0.06739668308659624
20,0.3181308144768054,0.3607567894300959,0.04262597495329051
21,0.314188797758809,0.38230339866081003,0.06811460090200105
22,0.30970282636016333,0.31927498282386313,0.009572156463699799
23,0.32281624239105494,0.36063459860432656,0.03781835621327162
24,0.30442607564357727,0.3447967668038704,0.040370691160293126
25,0.30381785743519485,0.36408350072279333,0.06026564328759848
26,0.32977021685963426,0.38422343582838053,0.054453218968746275
27,0.3117184313846508,0.36610521201004026,0.054386780625389486
28,0.3345814445288612,0.33914934932860225,0.004567904799741063
29,0.371542504999819,0.3842349573269058,0.012692452327086823
30,0.3226953520988992,0.37014865426013804,0.04745330216123883
31,0.2942821806592548,0.36486842928816604,0.07058624862891122
32,0.3303365859068859,0.3200718847843168,-0.010264701122569109
33,0.29921528464644276,0.376427318486332,0.07721203383988923
34,0.3034511783483357,0.37134011417525736,0.06788893582692168
35,0.35494466875384256,0.35222634739758074,-0.0027183213562618214
36,0.31069519126471284,0.37505195428399896,0.06435676301928611
37,0.3097969686626429,0.37577945276946945,0.06598248410682656
38,0.31763812284298754,0.3468082578347901,0.029170134991802543
39,0.3162874012648427,0.3877227202235576,0.07143531895871486
40,0.33680161258296754,0.37235412815561464,0.0355525155726471
41,0.33718688919482653,0.3652480345235485,0.028061145328721948
42,0.2984285147262092,0.3599415202497035,0.06151300552349431
43,0.30639613099707624,0.36408925811851167,0.05769312712143543
44,0.3168760948113583,0.33892803736935534,0.02205194255799703
45,0.3263017297567795,0.3843414781058336,0.058039748349054066
46,0.30104023278186254,0.3488904327611669,0.04785019997930434
47,0.3629481272856746,0.37608104262010505,0.01313291533443045
48,0.3231604831973921,0.33369891414338027,0.010538430945988164
49,0.32870679651406176,0.36626818068783906,0.0375613841737773
50,0.33666225958978657,0.372272407350558,0.03561014776077143
51,0.3550933208751238,0.3190097702821366,-0.03608355059298718
52,0.3174576213326792,0.3765326029817747,0.059074981649095526
53,0.3080185997212711,0.3524492018868879,0.044430602165616784
54,0.33120047651918705,0.3580430179493054,0.026842541430118327
55,0.2813696783121798,0.33742274476829814,0.05605306645611835
56,0.3498363249441966,0.384674334408702,0.03483800946450544
57,0.3156478466213382,0.3315412376889098,0.015893391067571594
58,0.3273211325481781,0.3495358629399468,0.022214730391768744
59,0.2700614134598485,0.34195834484226084,0.07189693138241232
60,0.3406902808375599,0.3632332203665647,0.02254293952900477
61,0.33349939921877836,0.33420310847474755,0.0007037092559691871
62,0.3118188393282536,0.36917162898624095,0.057352789657987346
63,0.3205328251123835,0.37149442779772224,0.050961602685338725
64,0.29882241642948293,0.3494900863645812,0.05066766993509825
65,0.2951067067960022,0.34922430751194605,0.05411760071594385
66,0.30303391978418814,0.3673035053053382,0.06426958552115003
67,0.3193967922471437,0.3342350196090488,0.014838227361905099
68,0.3504334539488831,0.37826973117002155,0.02783627722113846
69,0.3069954507872163,0.3557966969095735,0.0488012461223572
70,0.3052576619171351,0.37421761229600764,0.06895995037887254
71,0.31953172471966534,0.3560839878301412,0.03655226311047588
72,0.303290529323322,0.3703679285056678,0.06707739918234579
73,0.33500932270723843,0.35389841735040234,0.018889094643163906
74,0.29487686317461725,0.3586543021657463,0.06377743899112903
75,0.336118292121575,0.3750496418067636,0.038931349685188577
76,0.3126241263594215,0.3368779151622025,0.024253788802781007
77,0.35288040964509537,0.39940190595177905,0.046521496306683674
78,0.2908779732955857,0.3530002643754442,0.062122291079858505
79,0.30984890157888595,0.3322660604406075,0.022417158861721576
80,0.3219979536856036,0.3805313337946842,0.0585333801090806
81,0.30345746773306204,0.34046578950055173,0.037008321767489694
82,0.3162732521125749,0.38482124046660304,0.06854798835402814
83,0.31800434368848957,0.3592734434638049,0.04126909977531534
84,0.3119005733882099,0.3278874441565784,0.015986870768368466
85,0.3002458242721641,0.346610196473234,0.04636437220106987
86,0.2907115869661765,0.33300159953342495,0.04229001256724846
87,0.31196862631482924,0.3535783796762195,0.04160975336139028
88,0.3366220357984139,0.3779332632102476,0.04131122741183374
89,0.2943522398076701,0.3333010018297434,0.03894876202207331
90,0.2740859460194792,0.31508887386779316,0.04100292784831394
91,0.2969011224157653,0.3552397941221345,0.05833867170636925
92,0.3355633654220277,0.3634696912123966,0.02790632579036889
93,0.3603639048220064,0.3814101081331874,0.021046203311180955
94,0.32867115517610923,0.3743683496896446,0.04569719451353538
95,0.3338216684710021,0.355063273821345,0.021241605350342918
96,0.33515106036817344,0.3731193592564964,0.03796829888832298
97,0.31447773834507686,0.3424042613431201,0.027926522998043213
98,0.2988893650389889,0.35898958072406184,0.060100215685072955
99,0.32265281179848504,0.34765350623294944,0.0250006944344644
